,Represented Test Veh Make,Represented Test Veh Model,CO2 (g/mi),Veh Mfr Code,Vehicle Type,Test Vehicle ID
0,ACURA,ILX,290.19217391304346,HNX,Car,EG4H1D
1,ACURA,ILX HYBRID,184.7711111111111,HNX,Car,ED9C2C
2,ACURA,MDX 2WD,288.2075,HNX,Car,EGJ62A
3,ACURA,MDX 4WD,341.77722280625,HNX,Car,EGJ61A
4,ACURA,RDX 2WD,287.41249999999997,HNX,Truck,EGME2A
5,ACURA,RDX 4WD,298.8275,HNX,Truck,EGME1A
6,ACURA,RDX BASE/TECH,328.335,HNX,Truck,EAWC1A
7,ACURA,RL,365.075,HNX,Car,E9KG1A
8,ACURA,RLX HYBRID,217.68601855,HNX,Car,EE9S1A
9,ACURA,TL 2WD,298.108,HNX,Car,ECK11A
10,ACURA,TL 4WD,328.369,HNX,Car,EAK21M
11,ACURA,TLX,246.02795345833337,HNX,Both,DFDF1D
12,ACURA,TSX,272.90875,HNX,Car,EBL51A
13,ACURA,TSX V6,309.28,HNX,Car,EAL81A
14,ACURA,TSX/TSX Premium,280.297015225,HNX,Car,E9L51A
15,ACURA,ZDX 4WD,356.32688895,HNX,Car,EAP61A
16,AUDI,A3,311.06534260846564,VGA,Car,FAPA-AAF
17,AUDI,A3 QUATTRO,333.4,ADX,Car,93UA-AAQ
18,AUDI,A3 e-tron,176.1721178,VGA,Car,AU373-6-0813/16
19,AUDI,A4,304.504132231405,ADX,Car,D3UB-BAF
20,AUDI,A4 AVANT QUATTRO,291.66854145,ADX,Car,93UB-BAQ
21,AUDI,A4 Allroad,285.75,VGA,Both,FAUF-BAA
22,AUDI,A4 QUATTRO,308.375,ADX,Car,93UB-BMQ
23,AUDI,A5,311.27272727272725,ADX,Car,DFUB-BAQ
24,AUDI,A5 quattro,353.2857142857143,ADX,Car,93UB-BAQ
25,AUDI,A6,336.1611233046875,VGA,Car,GAUE-CAQ
26,AUDI,A6 QUATTRO,369.9230769230769,ADX,Car,7365-CAQ
27,AUDI,A6 quattro,354.2,ADX,Car,D3UB-CAQ
28,AUDI,A7,318.2171912077922,VGA,Both,GNU4-CAQ
29,AUDI,A8,369.1106305673913,ADX,Car,D3UG-DAQ
30,AUDI,A8 L,367.0,ADX,Car,7365-DAQ
31,AUDI,A8L,433.5461379071429,VGA,Car,AU641 40848 /15
32,AUDI,Audi A6,258.5,VGA,Car,GAAC-CAF
33,AUDI,Audi A8 W12,515.2,VWX,Car,AU641 10375/13
34,AUDI,Audi TT,312.14939537272727,VGA,Car,GAPA-TAQ
35,AUDI,EOS,328.0,ADX,Car,VW465 790007/09
36,AUDI,PASSAT WAGON,338.4,ADX,Car,VW462 8-0062/08
37,AUDI,Q3,338.6429472375,VGA,Car,FAUA-Q3A
38,AUDI,Q5,351.31666666666666,ADX,Both,D3UF-Q5A
39,AUDI,Q5 Hybrid,308.8,ADX,Truck,DHUB-Q5H
40,AUDI,Q7,420.0396274785,ADX,Truck,BTLF-Q7A
41,AUDI,R8,539.822717112,ADX,Car,9LR8-RMQ
42,AUDI,RS5,443.0,ADX,Car,D3UL-BSQ
43,AUDI,RS7,451.2,ADX,Car,E3UJ-RSQ
44,AUDI,S3,310.05,VGA,Car,FAUA-S3A
45,AUDI,S4,393.46666666666664,ADX,Car,A3UF-BAQ
46,AUDI,S5,410.64444444444445,ADX,Both,D3UF-BAQ
47,AUDI,S6,396.1111111111111,VGA,Car,GNUA-S6Q
48,AUDI,S7,400.4166666666667,ADX,Car,D3UJ-S7Q
49,AUDI,S8,420.8,VGA,Car,FNUA-S8Q
50,AUDI,S8 Plus,452.1433681833333,VGA,Car,GNUA-S8P
51,AUDI,SQ5,419.47244225882355,VGA,Both,E3UF-SQ5
52,AUDI,TIGUAN,314.0,ADX,Car,VW416 8-0218/09
53,AUDI,TIGUAN 4MOTION,327.813493625,ADX,Car,VW416 8-0217/09
54,AUDI,TT COUPE QUATTRO,339.2096163885714,ADX,Car,93UA-TTS
55,AUDI,TT Coupe,313.2,ADX,Car,B3UA-TAQ
56,AUDI,TTRS,390.93694252,ADX,Car,C3UK-AMQ
57,AUDI,TTS,322.2,VGA,Car,GAUA-TTS
58,AUDI,Touareg,431.42857142857144,ADX,Truck,EDV 93LD-TAQ
59,Alfa Romeo,8C Spider,510.2585,FTG,Car,ZARJA281090047440
60,Aston Martin,DB9,463.53075,ASX,Car,143TT1042
61,Aston Martin,DBS,502.92775,ASX,Car,304M2323
62,Aston Martin,Rapide,448.1225,ASX,Car,400TT464
63,Aston Martin,Rapide S,404.28,ASX,Car,410TT4202
64,Aston Martin,V12 Vantage S,478.28999999999996,ASX,Car,288TT2087
65,Aston Martin,V8 VANTAGE,434.5004666666666,ASX,Car,210TT241
66,Aston Martin,V8 VANTAGE S,418.155,ASX,Car,270TT244
67,Aston Martin,V8 Vantage,466.45799999999997,ASX,Car,CP305
68,Aston Martin,Vanquish,422.7,ASX,Car,314TT3175
69,Aston Martin,Virage,459.245,ASX,Car,112TT189
70,Audi,Q5,405.8,ADX,Truck,93UC-Q5A
72,BENTLEY,CONTINENTAL GTC,541.0,BEX,Car,VIN 35415
73,BENTLEY,Continental GT,492.53125,ADX,Car,E3UJ-BY62
74,BENTLEY,Continental GT3-R,494.2,VGA,Car,FNUA-GT3
75,BENTLEY,Continental Supersports,535.2170800227273,BEX,Car,BY61021
76,BENTLEY,Mulsanne Speed,500.5,VGA,Car,19757/16
78,BMW,128i,313.63525,BMX,Both,VF06008
79,BMW,128i Convertible,311.2174787647059,BMX,Both,VF06008
80,BMW,135i,315.68125,BMX,Both,A745500
81,BMW,135i Convertible,317.5383333333333,BMX,Both,A745500
82,BMW,135iA,327.9975,BMX,Car,VF24005
83,BMW,228i,249.79542296571427,BMX,Both,VW97809
84,BMW,228i Convertible,262.6366666666667,BMX,Both,VV98818
85,BMW,228i xDrive,271.8093957125,BMX,Car,VW98305
86,BMW,228i xDrive Convertible,270.3014285714286,BMX,Both,VV98818
87,BMW,320i,237.36569325000002,BMX,Both,FX99511
88,BMW,320i xDrive,244.23808162499998,BMX,Both,FX99510
89,BMW,328Ci,302.6225,BMX,Both,PU87089
90,BMW,328Ci Convertible,340.7075,BMX,Car,AC79601
91,BMW,328CiA Convertible,355.12166666666667,BMX,Car,KX63709
92,BMW,328d,200.955,BMX,Car,F099010
93,BMW,328d Sports Wagon xDrive,213.9175,BMX,Car,F099010
94,BMW,328d xDrive,213.041473775,BMX,Car,K290728
95,BMW,328d xDrive Sports Wagon,265.967,BMX,Car,K290728
96,BMW,328i,290.24448309045647,BMX,Car,A696623
97,BMW,328i xDrive,246.6497916666667,BMX,Car,A696623
98,BMW,328i xDrive Gran Turismo,256.3910714285714,BMX,Car,D416003
99,BMW,328i xDrive Sports Wagon,256.00481535625,BMX,Both,F600612
100,BMW,328xi,340.7038888888889,BMX,Car,AC79601
101,BMW,328xiA,328.799,BMX,Car,KX63709
102,BMW,330e,211.3125,BMX,Car,K478507
103,BMW,335Ci,285.08,BMX,Both,A745500
104,BMW,335Ci Convertible,326.98741151111113,BMX,Both,A745000
105,BMW,335Ci xDrive,307.8975,BMX,Both,A745000
106,BMW,335CiA,290.1433333333334,BMX,Both,A745000
107,BMW,335d,274.5493892,BMX,Car,A265015
108,BMW,335i,279.54825,BMX,Both,F077601
109,BMW,335i xDrive,295.11009556545457,BMX,Both,F077601
110,BMW,335i xDrive Gran Turismo,283.39500000000004,BMX,Both,F476165
111,BMW,335is Convertible,352.52,BMX,Car,P157025
112,BMW,335is Coupe,343.5975,BMX,Car,P157025
113,BMW,340i,289.0916022,BMX,Car,K383200
114,BMW,340i xDrive,281.117,BMX,Car,K383200
115,BMW,428i Convertible,251.7973161375,BMX,Car,F438121
116,BMW,428i Convertible xDrive,263.6127272727272,BMX,Car,F438121
117,BMW,428i Coupe,241.7007355222222,BMX,Both,F453277
118,BMW,428i Gran Coupe,232.96393646111108,BMX,Car,D416003
119,BMW,428i xDrive,250.51625,BMX,Both,F600612
120,BMW,428i xDrive Gran Coupe,250.244375,BMX,Car,D416003
121,BMW,435i Convertible,274.63,BMX,Both,F476148
122,BMW,435i Coupe,276.28303938333335,BMX,Both,F078099
123,BMW,435i Gran Coupe,269.587773775,BMX,Both,F476148
124,BMW,435i xDrive Convertible,291.9866666666667,BMX,Both,F476148
125,BMW,435i xDrive Coupe,285.25333333333333,BMX,Both,F078099
126,BMW,435i xDrive Gran Coupe,290.52666666666664,BMX,Both,F476165
127,BMW,528i,255.86625,BMX,Car,C593806
128,BMW,528i xDrive,254.3,BMX,Car,C593806
129,BMW,528xi,319.205,BMX,Both,B996002
130,BMW,535d,245.9425,BMX,Car,D001500
131,BMW,535d xDrive,255.19916417692306,BMX,Car,D001500
132,BMW,535i,287.6041284802198,BMX,Car,C800682
133,BMW,535i Gran Turismo,303.76132882,BMX,Car,C994902
134,BMW,535i xDrive,290.13465753424657,BMX,Car,C800682
135,BMW,535i xDrive Gran Turismo,321.8171052631579,BMX,Car,C994902
136,BMW,535iA,307.7769230769231,BMX,Car,C266015
137,BMW,535xi,366.8533333333333,BMX,Car,CK93004
138,BMW,535xiA,360.1766666666667,BMX,Car,CN54511
139,BMW,550i,351.95557485490195,BMX,Car,D680672
140,BMW,550i GT,354.7735135135135,BMX,Car,C208005
141,BMW,550i Gran Turismo,360.1205,BMX,Car,C996403
142,BMW,550i xDrive,351.28700000000003,BMX,Car,D680672
143,BMW,550i xDrive Gran Turismo,396.4591436357143,BMX,Car,C996403
144,BMW,550i xDrive GranTurismo,374.97333333333336,BMX,Car,C208007
145,BMW,640i Convertible,284.2512903225807,BMX,Car,C800682
146,BMW,640i Coupe,282.57125,BMX,Car,C800682
147,BMW,640i xDrive Convertible,295.48,BMX,Car,C994902
148,BMW,640i xDrive Coupe,292.3035958666667,BMX,Car,C994902
149,BMW,650Ci,375.045,BMX,Car,CN93001
150,BMW,650Ci Convertible,392.6675,BMX,Car,CN93001
151,BMW,650i Convertible,355.345,BMX,Car,DW20000
152,BMW,650i Convertible xDrive,374.35,BMX,Car,C270008
153,BMW,650i Coupe,354.40794087391305,BMX,Car,DW20000
154,BMW,650i xDrive Convertible,364.5125,BMX,Car,DW20000
155,BMW,650i xDrive Coupe,352.97214285714284,BMX,Car,DW20000
156,BMW,740Ld xDrive,297.26599999999996,BMX,Car,D383603
157,BMW,740Li,308.4542857142857,BMX,Car,C994902
158,BMW,740Li xDrive,299.59499999999997,BMX,Car,C994903
159,BMW,740i,296.00666666666666,BMX,Car,GD99809
160,BMW,750 Li xDrive,418.105,BMX,Car,CY35127
161,BMW,750Li,355.325,BMX,Car,C996403
162,BMW,750Li xDrive,355.81,BMX,Car,C996403
163,BMW,750i,385.48436034915255,BMX,Car,GE12213
164,BMW,750i xDrive,375.4866666666667,BMX,Car,GE12213
165,BMW,760Li,454.1388847,BMX,Car,CY40013
166,BMW,ActiveHybrid 3,232.91909189999998,BMX,Car,F145016
167,BMW,ActiveHybrid 5,305.5448218875,BMX,Car,C751520
168,BMW,ActiveHybrid 7,300.0228571428571,BMX,Car,DD85512
169,BMW,ActiveHybrid 7 L,340.37666955,BMX,Car,C197010
170,BMW,ActiveHybrid X6,391.47810451818185,BMX,Truck,LC66005
171,BMW,Alpina B7 LWB,376.96166666666664,BMX,Car,DS17300
172,BMW,Alpina B7 LWB xDrive,404.90749999999997,BMX,Car,DS17300
174,BMW,I3 REX,195.51000000000002,BMX,Car,VX62501
175,BMW,I8,282.66125444000005,BMX,Car,VX64010
176,BMW,M2,303.2358024166667,BMX,Both,VW84033
177,BMW,M235i,279.7341666666667,BMX,Both,VW84010
178,BMW,M235i Convertible,308.1,BMX,Both,VW84010
179,BMW,M235i xDrive,283.535,BMX,Both,VW84010
180,BMW,M3,403.255,BMX,Car,F708503
181,BMW,M3 Convertible,429.0316666666667,BMX,Car,PY39002
182,BMW,M4 Convertible,340.14739753333333,BMX,Car,F708503
183,BMW,M4 Coupe,303.9044774,BMX,Car,F708503
184,BMW,M4 GTS,360.66030795,BMX,Car,K333464
185,BMW,M5,433.79305521666663,BMX,Car,C772210
186,BMW,M6,523.4133333333333,BMX,Car,B581012
187,BMW,M6 Convertible,434.0789825764706,BMX,Car,C772210
188,BMW,X1 sDrive28i,246.0525,BMX,Car,VL64015
189,BMW,X1 xDrive28i,278.3277777777778,BMX,Car,P880032
190,BMW,X1 xDrive35i,317.52,BMX,Both,VL63554
191,BMW,X3 xDrive 28d,250.07,BMX,Truck,0E95003
192,BMW,X3 xDrive28i,294.59273418333333,BMX,Both,LK59506
193,BMW,X3 xDrive30i,344.33500000000004,BMX,Both,WE78000
194,BMW,X3 xDrive35i,311.67000593499995,BMX,Both,0E77345
195,BMW,X4 M40i,321.26580365,BMX,Both,0M91004
196,BMW,X4 xDrive 28i,288.84166666666664,BMX,Car,0A24558
197,BMW,X4 xDrive35i,307.72249999999997,BMX,Both,0E77345
198,BMW,X5 M,448.22,BMX,Truck,0G93507
199,BMW,X5 sDrive35i,313.82545454545453,BMX,Truck,0H38220
200,BMW,X5 xDrive 35d,318.9871428571428,BMX,Truck,0C06535
201,BMW,X5 xDrive 50i,423.75666666666666,BMX,Truck,0C02938
202,BMW,X5 xDrive30i,381.84000000000003,BMX,Truck,LY74000
203,BMW,X5 xDrive35d,335.1567761041096,BMX,Truck,0C06535
204,BMW,X5 xDrive35i,339.7243528916667,BMX,Truck,0H38220
205,BMW,X5 xDrive40e,304.93291228,BMX,Truck,0F74534
206,BMW,X5 xDrive48i,429.7675,BMX,Truck,LY63000
207,BMW,X5 xDrive50i,417.68375,BMX,Truck,0C02938
208,BMW,X5 xDriveM,493.65137765,BMX,Truck,LK25003
209,BMW,X6 sDrive35i,346.14000000000004,BMX,Truck,0H38220
210,BMW,X6 xDrive 35i,356.83666666666664,BMX,Truck,0H21655
211,BMW,X6 xDrive 50i,434.0316666666667,BMX,Truck,0C02938
212,BMW,X6 xDrive35i,327.8229411764706,BMX,Truck,0H38220
213,BMW,X6 xDrive50i,414.83923076923077,BMX,Truck,0J77228
214,BMW,X6 xDriveM,462.84499999999997,BMX,Truck,LK25003
215,BMW,Z4 sDrive28i,254.2577776,BMX,Car,E716500
216,BMW,Z4 sDrive30i,287.12666666666667,BMX,Both,E162141
217,BMW,Z4 sDrive35i,322.90402329166665,BMX,Car,E381819
218,BMW,Z4 sDrive35is,342.15000000000003,BMX,Car,E381818
219,BUGATTI,Veyron Super Sport,783.6,BGT,Car,BAX-US100/10
220,BUICK,4GB69,291.14741595,GMX,Both,244AG73902
221,BUICK,4GM69,337.186365625,GMX,Both,304AG59457
222,BUICK,4GT69,321.68283333333335,GMX,Both,364AG55336
223,BUICK,4HP69,320.76916666666665,GMX,Car,3949HN8000
224,BUICK,CASCADA,294.16657765,GMX,Car,163460V009
225,BUICK,ENCLAVE AWD,365.0664166666667,GMX,Truck,361FVP6999
226,BUICK,ENCORE,225.29999999999998,GMX,Car,14S41810
227,BUICK,ENCORE AWD,243.732718825,GMX,Car,14S41810
228,BUICK,ENVISION AWD,323.73333333333335,GMX,Truck,201BGX27718
229,BUICK,LACROSSE,286.1033328394737,GMX,Car,244BGN4226
230,BUICK,LACROSSE AWD,325.59175,GMX,Both,3644G56366
231,BUICK,LUCERNE,316.01575,GMX,Car,3949HN8000
232,BUICK,REGAL,283.5107884615385,GMX,Both,244CGN4309
233,BUICK,REGAL AWD,303.15000000000003,GMX,Car,201DGN4061
234,BUICK,VERANO,269.0233614818182,GMX,Car,204DPN4121
235,BUICK,ZR14526,370.7985,GMX,Both,3689ZP8000
237,Bentley,Arnage,599.439225,BEX,Car,99292
238,Bentley,Continental Supersports,531.0,BEX,Car,BY60961
239,Bentley,Mulsanne,621.5132944592593,BEX,Car,15113
241,Bugatti,Veyron,809.6,BGT,Car,BAX-US100/08
242,CADILLAC,6DC29,378.68874999999997,GMX,Car,4667DP4012
243,CADILLAC,6DM69,327.7033474272727,GMX,Both,306ADN8001
244,CADILLAC,6DN69,474.29512000000005,GMX,Car,6269DP4410
245,CADILLAC,6DP35,320.04966666666667,GMX,Car,3660D74413
246,CADILLAC,6K10706,412.28295238095245,GMX,Truck,62XEKUA007
247,CADILLAC,6KD69,373.568,GMX,Car,4666K21389
248,CADILLAC,6KJ69,491.8878333333334,GMX,Car,4666KN4017
249,CADILLAC,6NG26,325.215625,GMX,Both,306ANP5010
250,CADILLAC,6NL26,364.6064059222222,GMX,Both,2860N92510
251,CADILLAC,ATS,283.48119175342464,GMX,Car,206GAE2010
252,CADILLAC,ATS AWD,263.9635,GMX,Car,206GAE2011
253,CADILLAC,ATS-V,350.844,GMX,Car,366GAN4008
254,CADILLAC,CT6,288.35,GMX,Car,206GKE4204
255,CADILLAC,CT6 AWD,317.15,GMX,Car,3066K77727
256,CADILLAC,CTS,380.81086923076924,GMX,Car,621AFP2008
257,CADILLAC,CTS AWD,313.243,GMX,Car,306ADN8001
258,CADILLAC,CTS SEDAN,310.6991176470588,GMX,Car,206GAE4667
259,CADILLAC,CTS SEDAN AWD,302.383625,GMX,Both,366GAE4656
260,CADILLAC,CTS WAGON,449.3081363636364,GMX,Car,626ADN0028
261,CADILLAC,CTS-V,429.279,GMX,Car,626GAN4067
262,CADILLAC,DTS,373.568,GMX,Car,4666K21389
263,CADILLAC,ELR,255.49720000000002,GMX,Car,146GRE2000
264,CADILLAC,ESCALADE 2WD,414.27329032258064,GMX,Truck,62CPFE1202
265,CADILLAC,ESCALADE 4WD HYBRID,311.8715,GMX,Truck,60C0K41256
266,CADILLAC,ESCALADE AWD,433.0790588235294,GMX,Truck,62XEKUA007
267,CADILLAC,FUNERAL COACH/HEARSE,493.11650000000003,GMX,Car,4666KN4017
268,CADILLAC,LIMOUSINE,475.06735,GMX,Car,4664K92519
269,CADILLAC,SRX 2WD,337.9432105263158,GMX,Both,366CNP5602
270,CADILLAC,SRX AWD,360.6787527777778,GMX,Both,366CNP5602
271,CADILLAC,XTS,397.30286135,GMX,Car,3663G17142
272,CADILLAC,XTS AWD,346.5701176642857,GMX,Car,366EGN4030
273,CADILLAC,XTS HEARSE,391.56916666666666,GMX,Car,3663G17142
274,CHEVROLET,1AK37,222.79174999999998,GMX,Car,221941181
275,CHEVROLET,1AS46,255.62470588235294,GMX,Car,2219AN8021
276,CHEVROLET,1AT46,253.47439999999997,GMX,Car,2219AN8021
277,CHEVROLET,1AU46,283.6129,GMX,Car,2018AN8050
278,CHEVROLET,1EF37,323.4079,GMX,Both,36E0V023
279,CHEVROLET,1ES37,359.6645625,GMX,Car,621AEP2116
280,CHEVROLET,1LH26,274.50607758846155,GMX,Both,241ALP5615
281,CHEVROLET,1LK26,282.55861764705884,GMX,Both,241ALP5687
282,CHEVROLET,1TD48,242.0145,GDX,Car,16X5HV553A
283,CHEVROLET,1TD69,221.144,GDX,Car,16X5NV547M
284,CHEVROLET,1WC19,332.447,GMX,Car,3917W74683
285,CHEVROLET,1WT19,290.4595,GMX,Car,3518W16997
286,CHEVROLET,1YY07,343.4395,GMX,Car,6216Y00043
287,CHEVROLET,1YY67,372.31624999999997,GMX,Car,6216Y00050
288,CHEVROLET,1YY87,401.0535,GMX,Car,6216Y15822
289,CHEVROLET,1ZF69,225.16899999999998,GMX,Car,2418Z46934
290,CHEVROLET,1ZG69,267.0695,GMX,Car,2418Z42999
291,CHEVROLET,1ZK69,349.73,GMX,Car,3619Z30683
292,CHEVROLET,2ZG69,251.671,GMX,Car,242AZN4054
293,CHEVROLET,6K10906,471.05850000000004,GMX,Truck,62XEKS7281
294,CHEVROLET,AVEO,224.6505,GDX,Car,16X5HV553A
295,CHEVROLET,C10 TAHOE 2WD,383.7215,GMX,Truck,53XECPA011A
296,CHEVROLET,C15 SILVERADO 2WD,417.2687880574712,GMX,Truck,53CPGN1110
297,CHEVROLET,C15 SILVERADO 2WD XFE,371.44924999999995,GMX,Truck,53XECUA000
298,CHEVROLET,C1500 SILVERADO CLASSIC 2WD,409.9475,GMX,Truck,43C6C30928
299,CHEVROLET,C1500 SUBURBAN 2WD,357.12524285714284,GMX,Truck,53XECSE012
300,CHEVROLET,C1500 TAHOE 2WD,383.72150000000005,GMX,Truck,53XECPA011
301,CHEVROLET,C1500 TAHOE 2WD HYBRID,380.3552,GMX,Truck,60C0K41256
302,CHEVROLET,C2500 SUBURBAN 2WD,551.6325,GMX,Truck,60XECSB655
303,CHEVROLET,CAMARO,353.72484530919536,GMX,Car,2016A34992
304,CHEVROLET,CAPRICE PPV,363.1896029411765,GMX,Both,368CEN4029
305,CHEVROLET,CAPTIVA AWD,362.36199999999997,GMX,Truck,301CLP5229
306,CHEVROLET,CAPTIVA FWD,318.3951666666667,GMX,Both,30TBLP4011
307,CHEVROLET,CC10703,385.0478636363636,GMX,Truck,53XECPA011
308,CHEVROLET,CC10706,371.44925,GMX,Truck,53XECUA000
309,CHEVROLET,CC10903,444.94000276388886,GMX,Truck,43XECP9030
310,CHEVROLET,CC15703,419.71433333333334,GMX,Truck,43C6C30928
311,CHEVROLET,CG13406,457.8213560868421,GMX,Truck,53XEGP9036
312,CHEVROLET,CG33406,555.86375,GMX,Truck,60XEGPA411
313,CHEVROLET,CHEV SS,408.147,GMX,Car,628EEP4243
314,CHEVROLET,COLORADO 2WD,321.1095625,GMX,Truck,2515279363
315,CHEVROLET,COLORADO 4WD,330.01467447,GMX,Truck,25SPFN1048
316,CHEVROLET,COLORADO CAB CHASSIS 2WD,424.231,GMX,Truck,36SPFN1067
317,CHEVROLET,COLORADO CAB CHASSIS INC 2WD,366.5555,GMX,Truck,37XESP9600
318,CHEVROLET,COLORADO CREW CAB 2WD,378.53950000000003,GMX,Truck,37XESP9600
319,CHEVROLET,COLORADO CREW CAB 4WD,402.1725,GMX,Truck,37XESP9600
320,CHEVROLET,CORVETTE,361.90801886986304,GMX,Car,1EYV2610
321,CHEVROLET,CRUZE,213.47769305731708,GMX,Car,1412P03137
322,CHEVROLET,CRUZE ECO,211.33598569444445,GMX,Car,14X70057EX
323,CHEVROLET,CS15643,360.16075,GMX,Truck,37XESP9600
324,CHEVROLET,CS15653,319.2965,GMX,Truck,29XESP9611
325,CHEVROLET,CT15643,414.1565,GMX,Truck,53XETPA518
326,CHEVROLET,EQUINOX AWD,327.8614833971428,GMX,Both,241CLP5219
327,CHEVROLET,EQUINOX FWD,272.9654047619048,GMX,Both,241CLN4446
328,CHEVROLET,G1500 EXPRESS 2WD CARGO,444.9614285714286,GMX,Truck,43XEGCC120
329,CHEVROLET,G1500 EXPRESS 2WD PASS,456.356375,GMX,Truck,53XEGP9036
330,CHEVROLET,G2500 EXPRESS 2WD CARGO MDPV,541.75525,GMX,Truck,60XEGCA050
331,CHEVROLET,G2500 EXPRESS 2WD PASS MDPV,527.387,GMX,Truck,60XEGCA050
332,CHEVROLET,G2500 EXPRESS CONV 2WD CARGO,562.3,GMX,Truck,60XEGCA050
333,CHEVROLET,G3500 EXPRESS 2WD CARGO MDPV,580.21675,GMX,Truck,60XEGCA050
334,CHEVROLET,G3500 EXPRESS 2WD PASS MDPV,541.803,GMX,Truck,60XEGCA050
335,CHEVROLET,H1500 EXPRESS AWD CARGO,462.5665625,GMX,Truck,53XEGP9036
336,CHEVROLET,H1500 EXPRESS AWD PASS,468.77675,GMX,Truck,53XEGP9036
337,CHEVROLET,HHR FWD,257.66416666666663,GMX,Car,2219AN8021
338,CHEVROLET,HHR PANEL FWD,272.24375,GMX,Car,2419A43414
339,CHEVROLET,IMPALA,300.8145824514286,GMX,Both,3612W94491
340,CHEVROLET,K10 TAHOE 4WD,383.7215,GMX,Truck,53XECPA011A
341,CHEVROLET,K15 SILVERADO 4WD,404.0847912625,GMX,Truck,43KPEE1381
342,CHEVROLET,K1500 SUBURBAN 4WD,380.78000000000003,GMX,Truck,53XECSE012
343,CHEVROLET,K1500 TAHOE 4WD,373.65941666666663,GMX,Truck,53XECSE012
344,CHEVROLET,K1500 TAHOE 4WD HYBRID,381.64346666666665,GMX,Truck,60C0K41256
345,CHEVROLET,MALIBU,247.9210867532258,GMX,Car,151GZV4311
346,CHEVROLET,MALIBU LIMITED,240.45275,GMX,Car,251GGV4700
347,CHEVROLET,RN15306,453.0,GMX,Truck,37XEHU8028
348,CHEVROLET,SONIC,216.0176754261905,GMX,Car,144HV712DA
349,CHEVROLET,SONIC 5,232.95,GMX,Car,145HV283DA
350,CHEVROLET,SONIC RS,219.967875,GMX,Car,145HV284DM
351,CHEVROLET,SPARK,190.72894304375,GMX,Car,145HV412DC
353,CHEVROLET,SS,417.1956,GMX,Car,628FEV4214
354,CHEVROLET,TC10543,442.94249999999994,GMX,Truck,62XECP9062
355,CHEVROLET,TC10706,312.41949999999997,GMX,Truck,60XECU8122
356,CHEVROLET,TRAVERSE AWD,370.79850000000005,GMX,Truck,3689ZP8000
357,CHEVROLET,TRAVERSE FWD,370.79850000000005,GMX,Truck,3689ZP8000
358,CHEVROLET,TRAX,244.1785,GMX,Car,1444J61466
359,CHEVROLET,TS15653,321.3385,GMX,Truck,29XESP9598
360,CHEVROLET,VOLT,213.4667592,GMX,Car,151GRN4058
361,CHEVROLET,ZR14526,370.7985,GMX,Both,3689ZP8000
362,CHEVROLET,ZZS69,260.05,GMX,Car,2489ZN4101
363,CHEVROLET,ZZV69,323.845,GMX,Both,36Z7Z61548
365,Chrysler,200,255.28053842777777,CRX,Both,L5UFC3713
366,Chrysler,200 AWD,292.0282825,CRX,Both,L5UFF9056
367,Chrysler,300,346.462221875,CRX,Car,K1LDD1889
368,Chrysler,300 AWD,297.45709,CRX,Car,L2LXF9773
369,Chrysler,300 Awd,380.1509425,CRX,Car,L1LDE5950
370,Chrysler,300/SRT-8,349.1820306,CRX,Car,L9LXC6235
371,Chrysler,ASPEN 4WD,466.19694795,CRX,Truck,V8HB55520
372,Chrysler,ASPEN HYBRID 4WD,326.82615799999996,CRX,Truck,N9HG59424
373,Chrysler,P T Cruiser,317.239562,CRX,Car,L4PTC0810
374,Chrysler,SEBRING,336.29636,CRX,Both,V8JSC9249
375,Chrysler,Town & Country,320.6925838095238,CRX,Both,L1RTK9901
376,Dodge,Avenger,316.31259857142857,CRX,Both,V0JSD6140
377,Dodge,CALIBER,285.09128699999997,CRX,Both,L6PMD7726
378,Dodge,CARAVAN FWD,339.8880555555555,CRX,Truck,K8RTK0089
379,Dodge,CHALLENGER,411.6894121,CRX,Car,K9LCD6371
380,Dodge,CHARGER,443.45699,CRX,Car,V8LXC0172
382,Dodge,Caliber,259.75717499999996,CRX,Both,L0PMD0768
383,Dodge,Challenger,375.08340052631576,CRX,Car,L1LCD1351
384,Dodge,Challenger SRT8,487.661100625,CRX,Car,L5LAD9771
385,Dodge,Charger,306.9187682352941,CRX,Car,L1LCD3362
386,Dodge,Charger AWD,309.715695,CRX,Car,L2LDE5756
388,Dodge,DAKOTA PICKUP 2WD,425.81248500000004,CRX,Truck,L5ND14804
390,Dodge,Dakota,467.9369765,CRX,Truck,V6ND15059
391,Dodge,Dart,232.05697889090908,CRX,Car,L2PFD1993
393,Dodge,Durango 4WD,404.4742066666667,CRX,Truck,L1WDE2979
394,Dodge,Durango AWD,400.731855,CRX,Truck,L6WDD0457
395,Dodge,Durango RWD,344.4721119866666,CRX,Truck,L6WDD0449
397,Dodge,JOURNEY 2WD,292.7572773333333,CRX,Car,L7JSC0243
398,Dodge,Journey,327.93066,CRX,Both,V0JSD6140
399,Dodge,NITRO 2WD,370.50318500000003,CRX,Truck,L7KA10570
403,Dodge,RAM 1500 PICKUP 2WD,410.468695,CRX,Truck,L9DS10852
404,Dodge,RAM 1500 PICKUP 4WD,466.3,CRX,Truck,K8DR67387
406,Dodge,Ram,457.5,CRX,Truck,L9DS10852
407,Dodge,Ram 1500 2WD,419.395515,CRX,Truck,V1DS11097
408,Dodge,Ram 1500 4WD,445.086855,CRX,Truck,V1DS60111
409,Dodge,VIPER COUPE,432.284545,CRX,Car,L8ZBD7285R
410,FORD,CROWN VIC POL FFV,391.082493,FMX,Car,9FB1-4.6-L-893
411,FORD,E150 VAN,476.7768125,FMX,Truck,BE41-4.6-L-107
412,FORD,E250 VAN,457.99445000000003,FMX,Truck,BE41-4.6-L-107
413,FORD,E350 EXTENDED WAGON,607.5555714285714,FMX,Truck,BE41-6.8-L-109
415,FORD,ESCAPE 4X2,272.18499535,FMX,Truck,9KA00020
416,FORD,EXPEDITION 4X2 FFV,445.45433756,FMX,Truck,9B71-5.4-H-897
417,FORD,EXPLORER 4X2,418.57749094999997,FMX,Truck,7U51-4.0-H-799
418,FORD,EXPLORER 4X4,442.82833389999996,FMX,Truck,7U51-4.0-H-801
419,FORD,Explorer,409.515,FMX,Car,GGA00041
424,FORD,F150 PICKUP 4X4,418.1595,FMX,Truck,9F61-4.6-L-876
425,FORD,FLEX,379.4124347826087,FMX,Car,DP43-3.5-J-220
428,FORD,FOCUS,242.493,FMX,Car,8AU1-2.0-F-966
430,FORD,MKT,458.69660000000005,FMX,Car,DP41-3.7-J-221
431,FORD,MUSTANG,380.82886311034486,FMX,Car,D5199854
432,FORD,MUSTANG V6,318.076,FMX,Car,8ZF2-4.0-H-160
433,FORD,RANGER 4X2,359.05960095,FMX,Truck,7R31-2.3-H-628
434,FORD,RANGER 4X4,409.8595,FMX,Truck,7R32-4.0-L-659
435,FORD,RANGER 4X4 RKS,420.3215,FMX,Truck,7R31-4.0-L-653
436,FORD,RANGER PICKUP 2WD,331.26225,FMX,Truck,7R31-2.3-C-471
437,FORD,RANGER PICKUP 4WD,443.26615795,FMX,Truck,7R31-4.0-C-475
438,FORD,RANGER SUPERCAB 4DR 4X2,373.721,FMX,Truck,7R32-4.0-L-657
439,FORD,TAURUS AWD,336.8866,FMX,Car,207Y902
440,FORD,TRANSIT CONNECT,285.025375,FMX,Truck,AT014739
441,Ferrari,458 Italia Spyder,471.25952500000005,FEX,Car,171765
442,Ferrari,488 GTB,375.340775825,FEX,Car,203350
443,Ferrari,599 GTB FIORANO,549.4666666666667,FEX,Car,135762
444,Ferrari,599 GTO,551.78775,FEX,Car,ZFFFF60L070135762
445,Ferrari,599 SA Aperta,554.4237499999999,FEX,Car,ZFFFF60L070135762
446,Ferrari,612 Scaglietti,588.4183333333334,FEX,Car,123667
447,Ferrari,California,437.865556305,FEX,Car,159971
448,Ferrari,California T,361.107125,FEX,Car,192615
449,Ferrari,F12 Berlinetta,511.26912500000003,FEX,Car,180311
450,Ferrari,F12 FNA,533.163125,FEX,Car,180311_F152FNA
451,Ferrari,F12 Special Series,540.35175,FEX,Car,180311_F152VS
452,Ferrari,FF,521.4175965725001,FEX,Car,168921
453,Ferrari,LaFerrari,496.20725,FEX,Car,188139
454,Fiat,500,216.45219046842104,CRX,Car,L2FFF2598
455,Fiat,500 Abarth,221.21946285714284,CRX,Car,L2FFF1237
456,Fiat,500L,238.7251311166667,CRX,Car,L4BFF8525
457,Fiat,500X,230.50833749999998,CRX,Both,L5FBB0722
458,Fiat,500X AWD,268.94669,CRX,Both,L5BUU4691
460,Fiat,Alfa 4c,282.53679686000004,FTG,Car,L4MAS7806
461,Fisker,Karma,374.62,FSK,Car,F132
462,Ford,C-Max (PHEV),167.12367469999998,FMX,Car,DL500090
463,Ford,C-Max HEV FWD,162.15452654999999,FMX,Car,EL510048
464,Ford,CROWN VIC POLICE FFV,392.58675,FMX,Car,9FB1-4.6-034
466,Ford,E-350 Extended Wagon,492.28608695652173,FMX,Truck,BE41-5.4-L-108
468,Ford,EDGE FWD,315.7615,FMX,Truck,BBA00020
469,Ford,ESCAPE 4x2,300.47532019999994,FMX,Truck,AKJ00008
470,Ford,ESCAPE AWD,337.948,FMX,Truck,AKA00022
471,Ford,ESCAPE FWD,264.3070833333333,FMX,Truck,DM23-2.5-L-305
472,Ford,ESCAPE HEV 4x2,201.0435,FMX,Truck,AKA00007
475,Ford,EXPLORER 4WD,359.8948888888889,FMX,Truck,DUB3-3.5-J-202
476,Ford,EXPLORER FWD,309.1229181875,FMX,Truck,BGA00050
477,Ford,EXPLORER FWD FFV,330.57725,FMX,Truck,DGA00010
478,Ford,Edge,313.2277570575,FMX,Truck,FB100037
479,Ford,Edge FWD,273.575,FMX,Truck,CBA00032
480,Ford,Escape 4X4,299.1268,FMX,Truck,AM71-2.5-L-993
481,Ford,Escape 4x2 FFV,306.20075,FMX,Truck,AM71-3.0-L-996
482,Ford,Escape AWD,261.9448125,FMX,Truck,DM23-1.6-L-302
483,Ford,Escape FWD,269.3547941176471,FMX,Truck,DM23-2.0-L-303
484,Ford,Expedition,425.37800000000004,FMX,Truck,FB71-3.5-F-586
485,Ford,Expedition 4x2,371.70550000000003,FMX,Truck,FEF00051
486,Ford,Expedition 4x4,404.79290000000003,FMX,Truck,FEF00031
487,Ford,Expedition EL 4x2,399.941875,FMX,Truck,FEF00033
488,Ford,Expedition EL 4x4,414.4023333333333,FMX,Truck,FEF00034
489,Ford,Explorer AWD,326.68525,FMX,Truck,GGA00066
490,Ford,Explorer FFV FWD Police,360.2225,FMX,Truck,DUB1-3.7-L-293
491,Ford,Explorer FWD,303.08361215238097,FMX,Truck,GGA00061
492,Ford,"Explorer Police FFV, AWD",367.45119375,FMX,Truck,GGA00067
493,Ford,"Explorer Police FFV, FWD",329.519775,FMX,Truck,GGA00064
494,Ford,F-150 4X2,396.452875,FMX,Truck,FFA00008
495,Ford,F-150 4X4 SuperCrew SVT,557.6044697333333,FMX,Truck,BF63-6.2-J-060
496,Ford,F-150 FFV 4X2,326.8017923076923,FMX,Truck,FFA00003
497,Ford,F-150 FFV 4X4,347.45980294117646,FMX,Truck,FFA00010
498,Ford,F-150 FFV 4X4 Supercab,384.59275,FMX,Truck,BF61-3.7-J-055
500,Ford,F-150 Pickup 2WD,458.4965,FMX,Truck,BFA00054
502,Ford,F-150 Pickup FFV 2WD,361.116,FMX,Truck,BKA00059
503,Ford,F-150 Pickup FFV 4WD,375.0339,FMX,Truck,BKA00062
506,Ford,F-150 RAPTOR,548.71698935,FMX,Truck,AF61-6.2-J-926
508,Ford,F-150 Super Cab Max,386.4,FMX,Truck,FFC1-2.7-F-545
513,Ford,F150 4X2,381.35640243902435,FMX,Truck,FFA00095
514,Ford,F150 4X2 Super Cab,305.0142459,FMX,Truck,FFA00049
515,Ford,F150 4X4,402.4189563981818,FMX,Truck,FFA00045
516,Ford,F150 4X4 SUPER CAB,443.90999999999997,FMX,Truck,BF61-5.0-J-056
517,Ford,F150 4X4 Super Crew,329.86225,FMX,Truck,FFA00013
518,Ford,F150 FFV 4X2,356.2025625,FMX,Truck,FFA00009
519,Ford,F150 FFV 4X4,401.173275,FMX,Truck,FFA00014
524,Ford,FIESTA,201.21736311724138,FMX,Car,EM100006
525,Ford,FIESTA SFE,189.65333333333334,FMX,Car,EM103803
526,Ford,FLEX,346.0180588235294,FMX,Car,BP33-3.5-H-122
527,Ford,FOCUS,212.41598260869566,FMX,Car,CDH1-0.0-L-346
528,Ford,FOCUS FFV,207.90560454545457,FMX,Car,CL100061
529,Ford,FOCUS PZEV,213.54475000000002,FMX,Car,EL100003
530,Ford,FOCUS SFE,201.4055,FMX,Car,CL100196
531,Ford,FOCUS ST,252.66666666666666,FMX,Car,DDH2-2.0-L-402
532,Ford,FUSION,262.2490236,FMX,Car,517W182
533,Ford,Fiesta ST,223.0,FMX,Car,EM100153
534,Ford,Focus,193.70408394999998,FMX,Car,FL200133
535,Ford,Focus RS,353.0,FMX,Car,GDH2-2.3-F-876
536,Ford,Fusion,293.5125,FMX,Car,ADE3-3.0-L-944
537,Ford,Fusion (HEV),149.1976456,FMX,Car,ER317196
538,Ford,Fusion AWD,261.36983333333336,FMX,Car,DR100126
539,Ford,Fusion FWD,242.3634872,FMX,Car,DR100015
540,Ford,MKT,385.78198155,FMX,Car,BP33-3.5-H-122
542,Ford,MKX FWD,333.9746875,FMX,Truck,BBJ00001
543,Ford,MKZ (HEV),175.482,FMX,Car,DC91-2.0-J-268
544,Ford,MUSTANG,325.12491666666665,FMX,Car,567W779
545,Ford,Mustang,334.3043763504425,FMX,Car,F5299014
546,Ford,Police Interceptor Utility,383.9667166666666,FMX,Truck,GGA00065
547,Ford,Ranger 2WD,397.65099999999995,FMX,Truck,APA00018
548,Ford,Ranger 4x2,278.8095,FMX,Truck,APA00013
549,Ford,Ranger Pickup 2WD,405.92968348,FMX,Truck,APA00017
550,Ford,Special Service Police,280.00233333333335,FMX,Car,EG106654
551,Ford,T150 FFV Wagon,422.97134244166665,FMX,Truck,EKA00287
552,Ford,T150 Transit Van,425.504,FMX,Truck,EKA00292
553,Ford,T150 Transit Wagon MDPV,417.5,FMX,Truck,GKA00018
554,Ford,T250 Transit Van MDPV,431.24459515,FMX,Truck,GTH1-3.5-J-690
555,Ford,TAURUS,335.1666666666667,FMX,Car,DG172869
556,Ford,TRANSIT CONNECT VAN,278.886,FMX,Truck,EHC3-2.5-L-613
557,Ford,TRANSIT CONNECT VAN FFV,283.80037500000003,FMX,Truck,UEG50391
558,Ford,TRANSIT CONNECT WAGON,265.50399999999996,FMX,Truck,EHC3-2.5-L-611
559,Ford,TRANSIT CONNECT WAGON LWB FFV,296.39625,FMX,Truck,UEG50389
560,Ford,TRANSIT FWD,292.4995,FMX,Truck,UDM15962
561,Ford,TRANSIT T150 WAGON FFV,432.1785333333333,FMX,Truck,GKA00019
563,Ford,Taurus FFV,298.7067450980392,FMX,Car,DPH3-3.5-L-326
564,Ford,Taurus FWD,316.399,FMX,Car,AS100945
565,Ford,Taurus Police,330.80775,FMX,Car,DPH1-3.5-J-214
566,Ford,Taurus Police AWD,370.0825625,FMX,Car,DPH1-3.5-L-329
567,Ford,Taurus Police FFV AWD,315.44629285714285,FMX,Car,DPH1-3.7-J-454
568,Ford,Taurus Police FFV FWD,317.45377777777776,FMX,Car,DPH1-3.5-L-325
569,Ford,Transit Connect,269.2747975666667,FMX,Truck,TDB50489
570,GMC,6K10906,471.0585,GMX,Truck,62XEKS7281
571,GMC,C15 SIERRA 2WD,482.32,GMX,Truck,62XEKSB359
572,GMC,C15 SIERRA 2WD XFE,371.44924999999995,GMX,Truck,53XECUA000
573,GMC,CANYON 2WD,301.75,GMX,Truck,28SPGV1246
574,GMC,CANYON 4WD,372.441437575,GMX,Truck,28SPGE1197
575,GMC,CANYON CAB CHASSIS 2WD,495.49702611666663,GMX,Truck,36SPFN1011
576,GMC,CC10706,371.44925,GMX,Truck,53XECUA000
577,GMC,CS15643,379.345,GMX,Truck,37XESP9600
578,GMC,K10 YUKON XL AWD,461.93825,GMX,Truck,62XEKSB359
579,GMC,K15 SIERRA 4WD,383.7215,GMX,Truck,53XECPA011
580,GMC,K1500 YUKON XL 4WD,419.73558026,GMX,Truck,62CPFE1202
581,GMC,K1500 YUKON XL AWD,460.3963,GMX,Truck,62XEKSB359
582,GMC,K2500 YUKON XL 4WD,561.71575,GMX,Truck,60XECSB655
583,GMC,TC10543,442.9425,GMX,Truck,62XECP9062
584,GMC,TERRAIN AWD,362.8,GMX,Truck,30TALP5135
585,GMC,TERRAIN FWD,352.346,GMX,Truck,30TBLP4011
586,GMC,TK20906,608.8945,GMX,Truck,60XEKS9606
587,HONDA,ACCORD,245.97298515604396,HNX,Car,EDA21M
588,HONDA,ACCORD CROSSTOUR 2WD EX-L,311.77000000000004,HNX,Car,EABR2A
589,HONDA,ACCORD CROSSTOUR 4WD EX-L,326.44419573,HNX,Car,EBBR1A
590,HONDA,ACCORD EX-L COUPE,309.045,HNX,Car,EB701A
591,HONDA,ACCORD EX/EX-L COUPE,261.05875,HNX,Car,EB421M
592,HONDA,ACCORD EX/EX-L SEDAN,262.654464675,HNX,Car,EB421A
593,HONDA,ACCORD HYBRID,153.6335933,HNX,Car,EEK11C
594,HONDA,ACCORD L4,217.5207925318182,HNX,Car,EGA21C
595,HONDA,ACCORD LX COUPE,252.27499999999998,HNX,Car,EB421M
596,HONDA,ACCORD LX/EX/EX-L COUPE,251.92000000000002,HNX,Car,EB421A
597,HONDA,ACCORD LX/LX+ SEDAN,264.81569433333334,HNX,Car,E8401A
598,HONDA,ACCORD LX/LX+/SE SEDAN,245.54225996666665,HNX,Car,EB401A
599,HONDA,ACCORD PHEV,136.36073195,HNX,Car,CEK01C
600,HONDA,CIVIC,199.65799782741936,HNX,Car,EE1J1M
601,HONDA,CIVIC 2DR COUPE 1.5L,191.30599999999998,HNX,Car,EGAA1C
602,HONDA,CIVIC 2DR COUPE 2.0L,210.9025,HNX,Car,EGBB1M
603,HONDA,CIVIC 4DR SEDAN 1.5L,196.04640720909092,HNX,Car,EGAA1C
604,HONDA,CIVIC 4DR SEDAN 2.0L,190.5014238090909,HNX,Car,EGBB1C
605,HONDA,CIVIC EX,214.14491936875,HNX,Car,EC1A1A
606,HONDA,CIVIC GX,161.8655,HNX,Car,EC1Z1A
607,HONDA,CIVIC HF,187.96273566363635,HNX,Car,EE1J3C
608,HONDA,CIVIC HYBRID,149.778964027907,HNX,Car,EEW01C
609,HONDA,CIVIC LX,202.67060934166668,HNX,Car,EC1A1A
610,HONDA,CIVIC LX/DX,217.15020105,HNX,Car,E6NA1A
611,HONDA,CIVIC SI,327.53847004,HNX,Car,EEX01M
612,HONDA,CR-V 2WD,224.70678715,HNX,Both,EFLA4C
613,HONDA,CR-V 2WD EX,252.74,HNX,Both,EC5A3A
614,HONDA,CR-V 2WD EXL,255.963921725,HNX,Both,EC5A3A
615,HONDA,CR-V 2WD LX,254.128294275,HNX,Both,EC5A3A
616,HONDA,CR-V 2WD LX/VP/EX/EXL,278.98,HNX,Truck,DAZA1A
617,HONDA,CR-V 4WD,231.8247309375,HNX,Both,EFLA1C
618,HONDA,CR-V 4WD EX,261.24,HNX,Both,EC5A1A
619,HONDA,CR-V 4WD EX/EXL,293.125,HNX,Truck,EAZA1A
620,HONDA,CR-V 4WD EXL,266.21,HNX,Both,EC5A1A
621,HONDA,CR-V 4WD LX,258.71999999999997,HNX,Both,EC5A1A
622,HONDA,CR-V 4WD LX/VP/EX/EXL,285.84,HNX,Truck,EAZA1A
623,HONDA,CR-Z,181.23250000000002,HNX,Car,EDTW1C
624,HONDA,CR-Z EX,211.32057633333335,HNX,Car,EBTW1C
625,HONDA,CROSSTOUR L4,265.6975,HNX,Both,ECJ01A
626,HONDA,CROSSTOUR V6 2WD,284.61,HNX,Car,ED532A
627,HONDA,CROSSTOUR V6 4WD,302.94,HNX,Car,ED531A
628,HONDA,ELEMENT 2WD,315.1273108666667,HNX,Car,E7ZD1A
629,HONDA,ELEMENT 4WD,324.77,HNX,Car,E7ZD1A
630,HONDA,FCX Clarity,0.0,HNX,Car,E9YX1A
631,HONDA,FIT,209.32625,HNX,Car,EBP31A
633,HONDA,FIT EX,191.27833333333334,HNX,Car,EFR71C
634,HONDA,FIT LX,183.08185048333334,HNX,Car,EFR71M
635,HONDA,FIT SPORT,218.795,HNX,Car,EBP31A
636,HONDA,HR-V 2WD,215.16666666666666,HNX,Car,EG1M1M
637,HONDA,HR-V 4WD,225.9855878,HNX,Car,EG1M1C
638,HONDA,INSIGHT,153.61,HNX,Car,EABJ1C
639,HONDA,INSIGHT DX/LX,150.6325,HNX,Car,ECBJ1C
640,HONDA,INSIGHT EX,150.61906249999998,HNX,Car,ECBJ1C
641,HONDA,INSIGHT TOP,152.766021175,HNX,Car,EABJ1C
642,HONDA,ODYSSEY EX,363.13098345000003,HNX,Truck,E7GL1A
643,HONDA,ODYSSEY EXL,334.245,HNX,Truck,E8GW1A
644,HONDA,ODYSSEY LX/EX/EXL,317.285,HNX,Truck,EBV01A
645,HONDA,ODYSSEY TOURING/TOURING-TE,300.635,HNX,Truck,EBV02A
646,HONDA,PILOT 2WD 6AT,295.35249999999996,HNX,Car,EGLV4A
647,HONDA,PILOT 2WD 9AT,288.2675,HNX,Car,EGLV3A
648,HONDA,PILOT 2WD EX,320.945,HNX,Car,ECN03A
649,HONDA,PILOT 2WD TOURING,325.745,HNX,Car,ECN03A
650,HONDA,PILOT 4WD 6AT,311.51,HNX,Car,EGLV2A
651,HONDA,PILOT 4WD 9AT,298.22125,HNX,Car,EGLV1A
652,HONDA,PILOT 4WD EXL,334.595,HNX,Car,ECN01A
653,HONDA,PILOT 4WD TOURING,341.71000000000004,HNX,Car,ECN01A
654,HONDA,PILOT EX,347.29499999999996,HNX,Truck,E9N02A
655,HONDA,PILOT LX/EX-L/TOURING,356.29510005,HNX,Truck,E9N02A
656,HONDA,PILOT LX/EX/EX-L/TOURING,367.025,HNX,Truck,E9N01A
657,HONDA,RIDGELINE,383.68,HNX,Truck,ECJE1A
658,HONDA,RIDGELINE RT/RTS/LX/EX/RTL/EX-L,395.155,HNX,Truck,E9JE1A
659,HONDA,RL,340.525,HNX,Car,EBKG1A
660,HONDA,RLX,281.788,HNX,Car,EE9P1A
661,HUMMER,RN15306,466.6592777777778,GMX,Truck,53XEHUA029
662,HYUNDAI,ACCENT,217.01625,HYX,Car,MC0D6U01A1
663,HYUNDAI,ACCENT BLUE,217.36736527000002,HYX,Car,MC0D6U04A1
664,HYUNDAI,AZERA,299.2750761941176,HYX,Car,HG2L3AU55B5
665,HYUNDAI,Accent,207.59487275714287,KMX,Car,RB4R6AU08A1
666,HYUNDAI,Azera,291.406579525,HYX,Car,HG4L3AU21A2
667,HYUNDAI,Azera Limited,301.01099999999997,HYX,Car,HG5L3U01AC
668,HYUNDAI,ELANTRA,203.47916666666666,HYX,Car,MD1N8GF29A1
669,HYUNDAI,ELANTRA BLUE,208.555770975,HYX,Car,MD3N8GF73A1
670,HYUNDAI,ELANTRA COUPE,201.41950526666668,HYX,Car,JK2N8GF01A1
671,HYUNDAI,ELANTRA GT,204.96348257692307,HYX,Car,GD3N8GU87B1
672,HYUNDAI,ELANTRA TOURING,253.75776570000002,HYX,Car,FD8B0F20A1
673,HYUNDAI,EQUUS,377.5959604727273,HYX,Car,VI2T0GU73A2
674,HYUNDAI,Elantra GT,240.09055517307692,KMX,Car,GD5N0U01AC
675,HYUNDAI,GENESIS,343.2143842105263,HYX,Car,BH1L8AU62B2
676,HYUNDAI,GENESIS COUPE,298.236378226,HYX,Car,BK3F0U29A1
677,HYUNDAI,GENESIS R SPEC,422.56695818,HYX,Car,BH2T0GU33A2
678,HYUNDAI,Genesis,338.7511352142857,HYX,Car,DH4L8AU66B2
679,HYUNDAI,Genesis Coupe,412.50062339629636,HYX,Car,BK4L8AU49A2
680,HYUNDAI,Genesis Prestige,367.2352,HYX,Car,VI0T6GU01A2
681,HYUNDAI,Genesis R Spec,374.17795,HYX,Car,BH4T0GU01A2
682,HYUNDAI,SANTA FE,299.35482444666667,HYX,Truck,CM0A6626
683,HYUNDAI,SONATA,254.62435334999998,HYX,Car,YF0F4AU20A1
684,HYUNDAI,SONATA HYBRID,185.60254343333335,HYX,Car,HLF6NAUP11A
685,HYUNDAI,SONATA HYBRID LIMITED,172.38681775,HYX,Car,HYF3FUP108A
686,HYUNDAI,SONATA PLUG-IN HYBRID,161.8257304,HYX,Car,PLF5NAUP11A
687,HYUNDAI,Sonata,238.08141563846155,HYX,Car,LF5F0TU53A1
688,HYUNDAI,TUCSON,276.4088224412698,HYX,Truck,LM0F0GU20B1
689,HYUNDAI,Tucson,270.3101269,HYX,Car,TL6N0HU03AC
690,HYUNDAI,VERACRUZ,382.643125,HYX,Truck,EN0L8U61A2
691,HYUNDAI,Veloster,221.16311701929826,KMX,Car,FS6R6AU01AC
692,Hyundai,Elantra,227.17316033571427,HYX,Car,MD4N0AU17A2
693,Hyundai,Elantra Coupe,243.56581,HYX,Car,JK4N0AU05A2
694,Hyundai,Elantra Limited,211.62003333333334,HYX,Car,MD4N8GF01A1
695,Hyundai,Equus,379.43775,HYX,Car,VI4T0GU11B2
696,Hyundai,Santa Fe,338.5838091888889,HYX,Car,NC3L3AU05A2
697,Hyundai,Santa Fe Sport,301.6639079736842,HYX,Car,AN4F0HU21A5
698,Hyundai,Santa Fe Sport ULTIMATE,306.32355,HYX,Car,AN5F0HU01A1
699,Hyundai,Santa Fe Ultimate,375.52290500000004,HYX,Car,NC3L3AU47A2
700,Hyundai,Tucson,280.451996855,HYX,Car,TL6R6HU01AC
702,INFINITI,G37 CONVERTIBLE Sport 6MT,352.0,NSX,Car,MMB056
703,INFINITI,INFINITI  Q50 HYBRID PREMIUM,215.0,NSX,Car,HSB053
704,INFINITI,INFINITI EX35 AWD JOURNEY,358.0,NSX,Car,LTB069
705,INFINITI,INFINITI EX35 AWD Journey,335.9462560777778,NSX,Car,LTE452
706,INFINITI,INFINITI EX35 RWD JOURNEY,349.5,NSX,Car,LTB070
707,INFINITI,INFINITI EX37 AWD Journey,336.5,NSX,Car,LTE527
708,INFINITI,INFINITI EX37 Journey,329.5,NSX,Car,LTE526
709,INFINITI,INFINITI FX35 AWD,377.85,NSX,Both,LMB082
710,INFINITI,INFINITI FX35 RWD,355.6818181818182,NSX,Both,LMB081
711,INFINITI,INFINITI FX37 AWD,365.75,NSX,Truck,LME539
712,INFINITI,INFINITI FX37 RWD,347.0,NSX,Truck,LME540
713,INFINITI,INFINITI FX50 AWD,425.11538461538464,NSX,Truck,LME538
714,INFINITI,INFINITI G25 Journey,284.1666666666667,NSX,Car,MKE604
715,INFINITI,INFINITI G25x,297.875,NSX,Car,MKE605
716,INFINITI,INFINITI G37 CONVERTIBLE JOURNEY,331.84911893333333,NSX,Car,MLC290
717,INFINITI,INFINITI G37 CONVERTIBLE Journey,333.0,NSX,Car,MLE355
718,INFINITI,INFINITI G37 CONVERTIBLE Sport 6MT,331.27272727272725,NSX,Car,MLE353
719,INFINITI,INFINITI G37 Convertible Journey,330.75,NSX,Car,MME229
720,INFINITI,INFINITI G37 Convertible Sport 6MT,350.0,NSX,Car,MME231
721,INFINITI,INFINITI G37 Coupe Journey,310.5,NSX,Car,MLE433
722,INFINITI,INFINITI G37 Coupe Sport 6MT,331.0,NSX,Car,MLE435
723,INFINITI,INFINITI G37 sedan Journey,310.11764705882354,NSX,Car,MKE550
724,INFINITI,INFINITI G37 sedan Sport 6MT,328.2862991568182,NSX,Car,MKE552
725,INFINITI,INFINITI G37X COUPE AWD,324.2413793103448,NSX,Car,MLD340
726,INFINITI,INFINITI G37x Coupe AWD,327.75,NSX,Car,MLE432
727,INFINITI,INFINITI JX35 AWD,316.5874059642857,NSX,Truck,GJE239
728,INFINITI,INFINITI M35,343.5,NSX,Car,DME679
729,INFINITI,INFINITI M35h,227.0,NSX,Car,DPC240
730,INFINITI,INFINITI M35x AWD,371.75,NSX,Car,DME680
731,INFINITI,INFINITI M37 Base,327.5652173913044,NSX,Car,DNB141
732,INFINITI,INFINITI M37X Base,315.61224489795916,NSX,Car,DNB140
733,INFINITI,INFINITI M45x AWD,420.5,NSX,Car,DME559
734,INFINITI,INFINITI M56 Base,367.25,NSX,Car,DNE506
735,INFINITI,INFINITI M56X Base,357.9166666666667,NSX,Car,DNB138
736,INFINITI,INFINITI M56x,370.0,NSX,Car,DNE525
737,INFINITI,INFINITI Q50 AWD PREMIUM,293.53448290833336,NSX,Car,HRB818
738,INFINITI,INFINITI Q50 HYBRID PREMIUM,207.35714285714286,NSX,Car,HSB053
739,INFINITI,INFINITI Q50 PREMIUM,284.0681818181818,NSX,Car,HRB817
740,INFINITI,INFINITI Q50 PREMIUM AWD,314.0393435809524,NSX,Car,HRB102
741,INFINITI,INFINITI Q50S AWD SPORT,308.25,NSX,Car,HRE748
742,INFINITI,INFINITI Q50S Q50 HYBRID SPORT 4WD,210.0,NSX,Car,HSB051
743,INFINITI,INFINITI Q50S Q50 HYBRID SPORT AWD,225.5625,NSX,Car,HSB052
744,INFINITI,INFINITI Q50S SPORT,297.0,NSX,Car,HRE749
745,INFINITI,INFINITI Q70 3.7,322.52066317500004,NSX,Car,DNE532
746,INFINITI,INFINITI Q70 3.7 AWD,331.25,NSX,Car,DNE673
747,INFINITI,INFINITI Q70 AWD 5.6,361.10714285714283,NSX,Car,DNE699
748,INFINITI,INFINITI Q70 HYBRID,209.25,NSX,Car,DPE438
749,INFINITI,INFINITI QX50 AWD Journey,337.5,NSX,Car,LTE583
750,INFINITI,INFINITI QX50 Journey,329.5,NSX,Car,LTE582
751,INFINITI,INFINITI QX56 2WD,430.88,NSX,Truck,TWB022
752,INFINITI,INFINITI QX56 4WD,437.7647058823529,NSX,Truck,TWB022
753,INFINITI,INFINITI QX60 AWD,267.3333333333333,NSX,Truck,GJE350
754,INFINITI,INFINITI QX60 FWD,237.5,NSX,Truck,GLB066
755,INFINITI,INFINITI QX70 AWD,368.0,NSX,Truck,LME610
756,INFINITI,INFINITI QX70 RWD,344.5,NSX,Truck,LME609
757,INFINITI,INFINITI QX80 2WD,417.25,NSX,Truck,TWC331
758,INFINITI,INFINITI QX80 4WD,424.07729623333336,NSX,Truck,TWC330
759,INFINITI,INFINITI QX80 4WD LIMITED,447.0,NSX,Truck,ABQ298
760,INFINITI,M45,378.5,NSX,Car,DMB133
761,INFINITI,Q50,291.875,NSX,Car,HRE759
762,INFINITI,Q50 AWD,301.25,NSX,Car,HRE758
763,INFINITI,Q50S,299.25,NSX,Car,HRE757
764,INFINITI,Q50S AWD,316.25,NSX,Car,HRE756
765,JAGUAR,XF V8 5.0,356.74,JCX,Car,TXVP2051
766,JAGUAR,XF-R,386.195,JCX,Car,TXVP2031
767,JAGUAR,XK Convertible,370.385,JLX,Car,PHATT005
768,JAGUAR,XK Coupe,357.455,JLX,Car,PHATT005
769,JAGUAR,XK-R,383.78999999999996,JCX,Car,PHCTT006
770,Jaguar,F-Type,367.59999999999997,JLX,Car,2REVP017
771,Jaguar,F-Type AWD,348.47249999999997,JLX,Car,2RGVP037
772,Jaguar,F-Type Manual,362.4325,JLX,Car,2RGTT107
773,Jaguar,F-Type S,297.83666666666664,JLX,Car,K10679
774,Jaguar,XF,355.7994736842105,JLX,Car,2HGTT023
775,Jaguar,XF 3.0,319.02,JCX,Car,TBS6TT11
776,Jaguar,XF 3.0 2WD,309.355,JLX,Car,2ZFVP008
777,Jaguar,XF 3.0 AWD,350.34875,JLX,Car,TAV6VP74
778,Jaguar,XF 3.0 FFV,315.51750000000004,JLX,Car,TBS6TT11
779,Jaguar,XF AWD,308.7575,JLX,Car,TTAWD020
780,Jaguar,XF Supercharged,370.7923076923077,JLX,Car,S67023
781,Jaguar,XF-R,378.005,JLX,Car,TBSSTT12
782,Jaguar,XJ,356.243125,JLX,Car,U25307
783,Jaguar,XJ 3.0,323.71500000000003,JCX,Car,KBS6TT34
784,Jaguar,XJ 3.0 AWD,352.83500000000004,JLX,Car,TAV6VP74
785,Jaguar,XJ 3.0 FFV,323.9,JLX,Car,KBS6TT34
786,Jaguar,XJ AWD LWB,337.875,JLX,Car,U25307
787,Jaguar,XJ Supercharged,380.745,JLX,Car,KBSSTT35
788,Jaguar,XJL,347.70625,JLX,Car,V83411
789,Jaguar,XJL 3.0 AWD,354.83,JLX,Car,TAV6VP74
790,Jaguar,XJL 3.0 FFV,335.5075,JLX,Car,KBS6TT34
791,Jaguar,XK-R,387.44,JLX,Car,2PCTT008
796,Jeep,COMPASS 4WD,267.625,CRX,Both,L6MKJ9402
797,Jeep,Cherokee,283.79105625,CRX,Truck,L4KLT9422
798,Jeep,Cherokee 4X4,290.48515359142857,CRX,Truck,L4KLJ9504
799,Jeep,Cherokee 4x4 Active Drive II,337.06187903333335,CRX,Both,V4KLT9848
800,Jeep,Cherokee FWD,276.6103745107143,CRX,Both,L4KLT9708
801,Jeep,Cherokee Trailhawk 4X4,305.4553075,CRX,Both,L5KLT0921
803,Jeep,Compass 2WD,284.8551678444444,CRX,Both,V1MKT3768
804,Jeep,Compass 4X4,291.6291066666667,CRX,Truck,V2MKT6362
805,Jeep,Compass FWD,281.6411458833333,CRX,Both,V2MKT6364
806,Jeep,Grand Cherokee,384.12169500000005,CRX,Truck,L9WKT2894
807,Jeep,Grand Cherokee 2wd,366.69691045,CRX,Truck,L1WKT6521
808,Jeep,Grand Cherokee 4WD,508.71289333333334,CRX,Truck,L2WKJ8209
809,Jeep,Grand Cherokee 4X2,310.2068456818182,CRX,Truck,L4WKT9876
810,Jeep,Grand Cherokee 4X4,329.9584517269231,CRX,Truck,L4WKT9875
811,Jeep,Grand Cherokee 4wd,346.2482416666667,CRX,Truck,L1WKT5038
812,Jeep,Grand Cherokee SRT8,453.46698,CRX,Truck,L4WKJ4240
813,Jeep,Grand Cherokee SRT8 AWD,596.6299038999999,CRX,Truck,V8WKJ4193
814,Jeep,Patriot,259.990345,CRX,Both,L6MKJ9402
815,Jeep,Patriot 2WD,255.8052275,CRX,Truck,V3MKT2306
816,Jeep,Patriot 4wd,313.251725,CRX,Truck,V0MKJ6992
817,Jeep,Renegade 4x2,255.25585381000002,CRX,Both,L5BUU1783
818,Jeep,Renegade 4x4,244.1996823142857,CRX,Both,L5BUU1783
821,Jeep,Wrangler 4WD,373.15034875000003,CRX,Truck,L2JKJ9985
822,Jeep,Wrangler 4wd,449.95391600000005,CRX,Truck,V0JKJ3276
823,KIA,BORREGO,371.6146575555556,KMX,Truck,HM8L8U31A2
824,KIA,FORTE,237.65287815696203,KMX,Car,TD1F0GU04A1
825,KIA,FORTE ECO,218.7999505,KMX,Car,TD1F0GU09A1
826,KIA,FORTE KOUP,241.19400000000002,KMX,Car,TD1F0GU13A1
827,KIA,Forte,231.17002241607142,KMX,Car,YD5N0AU21A2
828,KIA,Forte 5,254.83986289999999,KMX,Car,YD5N0AU25A2
829,KIA,Forte ECO,225.099467725,KMX,Car,YD3N8GF23A1
830,KIA,Forte Koup,251.94112666666666,KMX,Car,YD4R6AU10B1
831,KIA,Forte5,263.07797765,KMX,Car,YD3R6AU06A1
832,KIA,K900,382.63838333333337,KMX,Car,KH6T0AU01AC
833,KIA,K900 EX,336.1107,KMX,Car,KH4L8GU23B2
834,KIA,OPTIMA,238.1568937970588,KMX,Car,QF2F4AU02A1
835,KIA,OPTIMA HYBRID,170.8097,HYX,Car,HTF3FUP109A
836,KIA,OPTIMA HYBRID EX,175.01415,HYX,Car,HTF3FUP110A
837,KIA,Optima,250.54908666666668,HYX,Car,JF6F0TU03AC
838,KIA,Optima FE,229.0969,HYX,Car,JF6F4AU07AC
839,KIA,Optima Fe,221.5703,HYX,Car,JF6F4AU05AC
840,KIA,Quoris,319.70574675,KMX,Car,KH4L8GU17B2
841,KIA,RIO,208.5119025291667,KMX,Car,UB2R6AU11A1
842,KIA,RIO ECO,187.75100460000002,KMX,Car,UB3R6AU01A5
843,KIA,RONDO,308.1130137857143,KMX,Car,UN8F4U25A1
844,KIA,Rio,208.87429230454546,KMX,Car,UB3R6AU13A1
845,KIA,Rio ECO,205.58975,KMX,Car,UB3R6AU15A1
846,KIA,SEDONA,334.26433333333335,KMX,Truck,VQ0L5GU19A2
847,KIA,SORENTO,293.9634473684211,KMX,Truck,XM0F4GU12A1
848,KIA,SOUL,232.179268375,KMX,Car,AM2N0GF12A1
849,KIA,SOUL ECO,221.31760214000002,KMX,Car,AM2N0GF11A1
850,KIA,SPECTRA,254.0114863923077,KMX,Car,LD7B0U27A1
851,KIA,SPORTAGE,319.35,KMX,Truck,KM8B0U14A1
852,KIA,Soul,249.67510179166666,KMX,Car,PS4R6AU09A1
853,KIA,Soul ECO dynamics,248.09263955000003,KMX,Car,PS4N0AU17A2
854,KIA,Sportage,279.6028624770833,KMX,Truck,SL1F4GF32B1
855,Kia,Cadenza,373.98096,KMX,Car,VG4L3AU21A2
856,Kia,Forte,211.4503,KMX,Car,YD5N8GF05A1
857,Kia,Sedona,336.83261396666666,KMX,Truck,YP5L3U01AC
858,Kia,Sedona SX,324.71905000000004,KMX,Truck,YP5L3U05AC
859,Kia,Sedona SXL,360.08410000000003,KMX,Truck,YP5L3U03AC
860,Kia,Sorento,317.81099439166667,KMX,Car,UM5F0U09AC
862,Kia,Sportage,298.0694746038462,KMX,Truck,SL4F4AU53A5
863,Koenigsegg,CC-X Agera,521.415,KGG,Car,BRU527
864,LAMBORGHINI,834,629.3888888888889,NLX,Car,LB83-BP2
865,LAMBORGHINI,AVENTADOR,611.6528567375,NLX,Car,LB83-DSSCD
866,LAMBORGHINI,Huracan,488.93333333333334,VGA,Car,FNLE-LBQ
867,LAMBORGHINI,MURCIELAGO,709.0,NLX,Car,EDV-07-147/148-P7
868,LAND ROVER,LR2,385.355,LRX,Truck,581PP001
869,LAND ROVER,LR3,471.04,LRX,Truck,0AVP0002
870,LAND ROVER,Range Rover,464.49,LRX,Truck,2AVP1032
871,LAND ROVER,Range Rover Sport,464.0725,LRX,Truck,VX10HWS
872,LAND ROVER,Range Rover Sport Supercharged,493.335,LRX,Truck,0AVP0049
873,LAND ROVER,Range Rover Supercharged,489.51500000000004,LRX,Truck,2AVP1033
874,LEXUS,CT 200h,181.92298432857143,TYX,Car,11-ZA1H
875,LEXUS,ES 300h,198.06175380666667,TYX,Car,13-AV2H
876,LEXUS,ES 350,272.6567156052632,TYX,Car,13-GV1A
877,LEXUS,GS 200t F SPORT,271.92046115,TYX,Car,16-AE1A
878,LEXUS,GS 350,343.46685845757577,TYX,Car,16-GR3A
879,LEXUS,GS 350 AWD,366.26735525806447,TYX,Car,16-GR2A
880,LEXUS,GS 350 F SPORT,301.76765495,TYX,Car,16-GR3A
881,LEXUS,GS 450h,261.51191271267606,TYX,Car,13-GW2H
883,LEXUS,GS F,430.78265597999996,TYX,Car,16-UL1A
884,LEXUS,GX 460,391.07774286428565,TYX,Truck,14-UJ3A
885,LEXUS,HS 250h,186.19112809166666,TYX,Car,10-AF1H
886,LEXUS,IS 200t,255.25,TYX,Car,16-AE2A
887,LEXUS,IS 250,287.0784112666667,TYX,Car,14-GE5A
888,LEXUS,IS 250 AWD,296.50147515000003,TYX,Car,14-GE4A
889,LEXUS,IS 250/IS 250C,278.03877088684214,TYX,Car,13-GE1A
890,LEXUS,IS 350,361.32988558,TYX,Car,14-GE3A
891,LEXUS,IS 350 AWD,353.0749214985714,TYX,Car,14-GE1A
892,LEXUS,IS 350/IS 350C,300.6504110222222,TYX,Car,13-GE5A
893,LEXUS,IS F,358.2390817,TYX,Car,08-UE2A
894,LEXUS,LFA,540.091445625,TYX,Car,12-LA1S
896,LEXUS,LS 460 AWD,365.23971150000006,TYX,Car,09-UF1A
897,LEXUS,LS 460 L,345.55760631666664,TYX,Car,07-UF1A
898,LEXUS,LS 460 L AWD,367.9814464,TYX,Car,09-UF1A
899,LEXUS,LS 600h L,394.5036022076923,TYX,Car,08-UF2H
900,LEXUS,LX 570,472.6634005633333,TYX,Truck,16-UJ1A
901,LEXUS,NX 200t,264.8928247833333,TYX,Truck,15-AZ4A
902,LEXUS,NX 200t AWD,266.48021738333335,TYX,Truck,15-AZ3A
903,LEXUS,NX 200t AWD F SPORT,277.6453895833333,TYX,Truck,15-AZ1A
904,LEXUS,NX 300h,198.5628066125,TYX,Truck,15-AZ3H
905,LEXUS,NX 300h AWD,204.18882692,TYX,Truck,15-AZ1H
906,LEXUS,RC F,414.13030984,TYX,Car,15-UC1A
907,LEXUS,RX 350,315.8013610666667,TYX,Truck,16-GL3A
908,LEXUS,RX 350 AWD,324.216236025,TYX,Truck,16-GL2A
909,LEXUS,RX 450h,235.0317762076923,TYX,Truck,16-GL3H
910,LEXUS,RX 450h AWD,235.5054032936508,TYX,Truck,16-GL1H
911,LEXUS,SC 430,354.814339175,TYX,Car,06-UZ1A
912,LINCOLN,EXPEDITION 4X2,422.80219999999997,FMX,Truck,BEA12832
914,LINCOLN,NAVIGATOR 4X4,442.60360000000003,FMX,Truck,BEA12829
915,LINCOLN,NAVIGATOR 4X4 EXT,524.0399159272728,FMX,Truck,9F61-5.4-J-811
916,LINCOLN,NAVIGATOR 4X4 EXT.,485.82887457500004,FMX,Truck,9B51-5.4-C-796
917,LINCOLN-MERCURY,FUSION,265.51725,FMX,Car,ADE2-2.5-L-942
918,LINCOLN-MERCURY,Fusion,316.1542083333333,FMX,Car,ADE1-3.5-J-834
919,LINCOLN-MERCURY,GRAND MARQUIS,347.854000075,FMX,Car,9FP1-4.6-H-891
921,LINCOLN-MERCURY,MILAN,186.66125,FMX,Car,AR600011
922,LINCOLN-MERCURY,MKT,413.8215,FMX,Truck,BP43-3.7-J-111
923,LINCOLN-MERCURY,TOWN CAR,364.28025,FMX,Car,9VC1-4.6-L-873
924,LOTUS,EVORA,379.3959077617647,LTX,Car,EDV-10-EVM6S
925,LOTUS,Elise/Exige,324.37635714285716,LTX,Car,EDV-06-LE08
926,Land Rover,Discovery Sport,299.0,JLX,Truck,3AFTT028
927,Land Rover,LR2,338.745,JLX,Truck,LBDVP001
928,Land Rover,LR4,413.74666666666667,JLX,Car,LSETT004
929,Land Rover,Range Rover,427.845,LRX,Truck,LKDTT066
930,Land Rover,Range Rover 3.0 PZEV,353.115,JLX,Truck,LKFTT220
931,Land Rover,Range Rover Evoque,295.0573380727273,JLX,Truck,3ETTP008
932,Land Rover,Range Rover Evoque Cabriolet,290.595,JLX,Truck,3ETTP008
933,Land Rover,Range Rover Sport,392.5390020590909,JLX,Car,LXEVP084
934,Land Rover,Range Rover Supercharged,453.30999999999995,LRX,Truck,LKDTT065
935,Lincoln,MKC,315.0,FMX,Truck,FUJ00181
936,Lincoln,MKS,325.07255905,FMX,Car,DLE3-3.7-H-333
937,Lincoln,MKS AWD,348.0,FMX,Car,DG611964
938,Lincoln,MKS FWD,304.04042857142855,FMX,Car,DG600001
939,Lincoln,MKT,342.5833333333333,FMX,Car,DP43-3.7-J-319
942,Lincoln,MKTLivery,289.6203,FMX,Car,DBL50063
943,Lincoln,MKX AWD,354.526875,FMX,Truck,GBL20040
944,Lincoln,MKX FWD,325.78933333333333,FMX,Truck,GBL20018
945,Lincoln,MKZ AWD,316.316375,FMX,Car,DR800021
946,Lincoln,Navigator L 4x2,405.3275,FMX,Truck,FEJ00004
947,Lincoln,Navigator L 4x4,415.65489015,FMX,Truck,FEJ00004
948,Lincoln-Mercury,MILAN,358.5200909090909,FMX,Car,ADE3-3.0-L-945
949,Lotus,Evora S-IPS,369.3472,LTX,Car,EDV-12-EVA02
950,MASERATI,GHIBLI V6 RWD,359.90000000000003,MAX,Car,070791
951,MASERATI,GRANTURISMO,487.2153888888889,MAX,Car,45367
952,MASERATI,GRANTURISMO CONVERTIBLE,459.5482,MAX,Car,048675
953,MASERATI,GRANTURISMO S AUTOMATIC,489.1138333333334,MAX,Car,45367
954,MASERATI,GRANTURISMO SPORT,437.75,MAX,Car,045367
955,MASERATI,Ghibli S Q4 V6,367.575,MAX,Car,068778
956,MASERATI,Ghibli S Q4 V6 AWD,357.5,MAX,Car,068770
957,MASERATI,Ghibli S RWD,355.2,MAX,Car,070795
958,MASERATI,Ghibli V6 RWD,359.85,MAX,Car,070791
959,MASERATI,QUATTROPORTE,510.49257142857147,MAX,Car,027160
960,MASERATI,QUATTROPORTE GTS,410.63,MAX,Car,070989
961,MASERATI,QUATTROPORTE S,500.56865,MAX,Car,ZAMJK39A690027157
962,MASERATI,QUATTROPORTE S V6 RWD,363.54999999999995,MAX,Car,068553
963,MASERATI,QUATTROPORTE SQ4 V6,370.45151878,MAX,Car,068333
964,MAZDA,CX-3,215.927673175,TKX,Car,6ECPEG1-024
965,MAZDA,CX-7,341.56905150434784,TKX,Truck,0ECL3TG1-010
966,MAZDA,CX-9,277.0153475875,TKX,Truck,6EBPYTG2-042
967,MAZDA,MAZDA CX-9 4x2,371.90699765,TKX,Truck,8J53-3.7-H-702
969,MAZDA,MAZDA2,197.20147865714284,TKX,Car,6ECP5V31-007
970,MAZDA,MAZDA3,220.4785031973913,TKX,Car,4ECPE31-029
971,MAZDA,MAZDA5,284.8158470923077,TKX,Car,2ECL5XS1-001
972,MAZDA,MAZDA6,245.14611336630435,TKX,Car,4ECPY31-009
973,MAZDA,MX-5,266.17,TKX,Car,6ECPE31-034
974,MAZDA,Mazda3,265.5,TKX,Car,0ECL5XS2-015
975,MAZDA,Mazda5,272.75,TKX,Car,8ECL3X21
976,MAZDA,Mazdaspeed3,321.5,TKX,Car,0ECL3T31-012
977,MAZDA,RX-8,345.75,TKX,Car,9EC13B31
978,MBV,MV-1,445.0721659,MBV,Truck,V-28
979,MERCURY,MARINER HEV 4X4,227.80966666666666,FMX,Truck,AM71-2.5-C-947
980,MITSUBISHI,ECLIPSE,295.132998884375,DSX,Car,EB11-B453
981,MITSUBISHI,ECLIPSE SPYDER,320.54706125,DSX,Car,EB08-B831
982,MITSUBISHI,ENDEAVOR 2WD,372.6661775,DSX,Truck,EB08-U853
983,MITSUBISHI,ENDEAVOR AWD,398.299945,DSX,Truck,EB08-U851
984,MITSUBISHI,GALANT,270.34067300000004,DSX,Car,EB10-A455
985,MITSUBISHI,LANCER,248.53221238289476,MTX,Car,EB11-CA52
986,MITSUBISHI,LANCER AWD,246.490935,MTX,Car,EB16-CB7A
987,MITSUBISHI,LANCER EVOLUTION,353.33735875,MTX,Car,EB11-CA72
988,MITSUBISHI,LANCER SPORTBACK,276.40522122,MTX,Car,EB11-CA53
989,MITSUBISHI,MIRAGE,165.41351872500002,MTX,Car,EB14-LD22
990,MITSUBISHI,OUTLANDER 2WD,276.4534985,MTX,Truck,EB16-RB3B
991,MITSUBISHI,OUTLANDER 4WD,285.78247382307694,MTX,Truck,EB16-RB3B
992,MITSUBISHI,OUTLANDER SPORT 2WD,247.63574568888887,MTX,Truck,EB16-ZA42
993,MITSUBISHI,OUTLANDER SPORT 4WD,256.42347955,MTX,Truck,EB16-ZA4A
995,MV,MV-1,430.85,MBV,Truck,FMEX0001
996,Magnum,Magnum,259.874936,CRX,Car,K5LXC6554
997,Mahindra,TR40,437.05697369999996,MML,Truck,MA1TZ4BJL92A14029
998,Mazda,6,387.3482,TKX,Car,BBD3-3.7-J-963
999,Mazda,CX-5,236.6851851851852,TKX,Truck,3EFPE31-004
1000,Mazda,CX-9 AWD,364.563,TKX,Truck,BJ53-3.7-C-219
1001,Mazda,CX-9 FWD,343.00975000000005,TKX,Truck,BJ53-3.7-L-141
1002,Mazda,Mazda 3 DI 4-Door,204.625,TKX,Car,2ECPE31-012
1003,Mazda,Mazda 3 DI 5-Door,205.85013066666667,TKX,Car,2ECPES2-018
1004,Mazda,Mazda3,231.0,TKX,Car,0EFLFX21-001
1005,McLaren,570S Coupe,428.9,MLN,Car,SBM13GAB4FW000004
1006,McLaren,MP4-12C Coupe,449.76299605599996,MLN,Car,SBM11BAA0AW99PP06
1007,McLaren,P1,453.61814147999996,MLN,Car,SBM12ABA7EW990019
1008,Mecedes-Benz,C 350,336.01509335000003,MBX,Car,W204E35-Z8026
1010,Mercedes-Benz,AMG C 63,330.92,MBX,Car,W205E40DETC-Z5020-2
1011,Mercedes-Benz,AMG G65,680.3,MBX,Both,G463E60TC-Z6021
1012,Mercedes-Benz,AMG GLE 63 S (coupe),520.624,MBX,Truck,C292E55DETC-Z2015-4
1013,Mercedes-Benz,AMG GT S,368.36,MBX,Car,C190E40DETC-Z6013
1015,Mercedes-Benz,C 250,262.95975355,MBX,Car,W204E18DETC-Z2017
1016,Mercedes-Benz,C 250 (Coupe),262.95625,MBX,Car,C204E18DETC-Z2017-1
1017,Mercedes-Benz,C 300,300.5805555555555,MBX,Car,W205E20DETC-Z5022
1018,Mercedes-Benz,C 300 4MATIC,305.2092266851852,MBX,Car,W205E20DETC-Z5023
1019,Mercedes-Benz,C 350,295.9425641025641,MBX,Both,W204E35DEH-Z3025
1020,Mercedes-Benz,C 350 (Coupe),315.425,MBX,Car,C204E35DEH-Z3025-2
1021,Mercedes-Benz,C 350 4MATIC (Coupe),298.365,MBX,Car,C204E35DEH-Z2018-3
1022,Mercedes-Benz,C 350 4Matic (Coupe),298.1,MBX,Car,C204E35DEH-Z3025-3
1023,Mercedes-Benz,C 350e,213.995,MBX,Car,W205E20DETC-Z6029
1024,Mercedes-Benz,C 400 4MATIC,276.675,MBX,Car,W205E30DETC-Z5017
1025,Mercedes-Benz,C 450 AMG,276.925,MBX,Car,W205E30DETC-Z5017
1026,Mercedes-Benz,C 63 AMG,457.43666666666667,MBX,Car,W204E63-Z1011
1027,Mercedes-Benz,C 63 AMG Black Series (coupe),438.13,MBX,Car,C204E63-Z1011-2
1028,Mercedes-Benz,C300,312.7,MBX,Both,W204E30-Z0031
1029,Mercedes-Benz,CL 550 4MATIC,452.4342105263158,MBX,Car,C216E46DETC-Z2038-3
1030,Mercedes-Benz,CL 600,484.31711344999997,MBX,Car,C216E55TC-Z7014-1
1031,Mercedes-Benz,CL 63 AMG,463.7035294117647,MBX,Car,C216E55DETC-Z2029
1032,Mercedes-Benz,CL 65 AMG,503.75,MBX,Car,C216E60TC-Z1017-1
1033,Mercedes-Benz,CLA 250,215.10000000000002,MBX,Car,C117E20DETC-Z4022
1034,Mercedes-Benz,CLA 250 4MATIC,239.475,MBX,Both,C117E20DETC-Z5021-3
1035,Mercedes-Benz,CLA 45 AMG 4MATIC,255.845,MBX,Car,C117E20DETC-Z4023
1036,Mercedes-Benz,CLS 400,279.08,MBX,Car,C218E30DETC-Z5010-3
1037,Mercedes-Benz,CLS 400 4MATIC,282.7671543,MBX,Car,C218E30DETC-Z5010-4
1038,Mercedes-Benz,CLS 550,386.83768806,MBX,Car,C218E46DETC-Z5030
1039,Mercedes-Benz,CLS 550 4MATIC,390.471875,MBX,Car,C218E46DETC-Z5030-1
1040,Mercedes-Benz,CLS 63 AMG,435.84923944499997,MBX,Car,C218E55DETC-Z2023
1041,Mercedes-Benz,CLS 63 AMG 4MATIC,375.15000000000003,MBX,Car,C218E55DETC-Z2023-3
1042,Mercedes-Benz,E 250 BLUETEC,223.88,MBX,Both,W212DE22TC-Z4010
1043,Mercedes-Benz,E 250 BLUETEC 4MATIC,237.57500000000002,MBX,Both,W212DE22TC-Z4010-1
1044,Mercedes-Benz,E 350,297.6165584611111,MBX,Car,W212E35DEH-Z4024
1045,Mercedes-Benz,E 350 (Convertible),306.685,MBX,Both,A207E35DEH-Z2035-2
1046,Mercedes-Benz,E 350 (Coupe),292.886,MBX,Car,C207E35DEH-Z2030
1047,Mercedes-Benz,E 350 (convertible),333.8522222222222,MBX,Car,A207E35DEH-Z4025-1
1048,Mercedes-Benz,E 350 (coupe),321.16902494615385,MBX,Car,C207E35DEH-Z4025
1049,Mercedes-Benz,E 350 4 MATIC,282.75,MBX,Car,W212E35DEH-Z2004-1
1050,Mercedes-Benz,E 350 4 MATIC (Coupe),306.6,MBX,Car,C207E35DEH-Z2026-2
1051,Mercedes-Benz,E 350 4MATIC,301.36583333333334,MBX,Car,W212E35DEH-Z4024-1
1052,Mercedes-Benz,E 350 4MATIC (Coupe),301.2676923076923,MBX,Car,C207E35DEH-Z2030-1
1053,Mercedes-Benz,E 350 4MATIC (Station Wagon),300.886,MBX,Car,S212E35DEH-Z4024-2
1054,Mercedes-Benz,E 350 4MATIC (coupe),295.95428571428573,MBX,Car,C207E35DEH-Z4025-2
1055,Mercedes-Benz,E 350 BLUETEC,295.89166666666665,MBX,Car,W212DE30TC-Z0016
1056,Mercedes-Benz,E 350 Coupe,325.92,MBX,Car,C207E35-Z0010
1057,Mercedes-Benz,E 400,281.245,MBX,Car,W212E30DETC-Z5010
1058,Mercedes-Benz,E 400 (convertible),279.245,MBX,Car,A207E30DETC-Z5011-1
1059,Mercedes-Benz,E 400 (coupe),279.045,MBX,Car,C207E30DETC-Z5011
1060,Mercedes-Benz,E 400 4MATIC,293.565,MBX,Car,W212E30DETC-Z5010-1
1061,Mercedes-Benz,E 400 4MATIC (coupe),286.895,MBX,Car,C207E30DETC-Z5031
1062,Mercedes-Benz,E 400 4MATIC (station wagon),305.24,MBX,Car,S212E30DETC-Z5010-2
1063,Mercedes-Benz,E 400 HYBRID,283.7207142857143,MBX,Car,W212E35DEH Hyb-Z3017
1064,Mercedes-Benz,E 550,375.355,MBX,Both,W212E55-Z0019
1065,Mercedes-Benz,E 550 (Convertible),430.83000000000004,MBX,Car,A207E46DETC-Z2028-1
1066,Mercedes-Benz,E 550 (Coupe),400.106,MBX,Car,C207E46DETC-Z2028
1067,Mercedes-Benz,E 550 (convertible),346.033375,MBX,Car,A207E46DETC-Z4028-1
1068,Mercedes-Benz,E 550 (coupe),343.14500000000004,MBX,Car,C207E46DETC-Z4028
1069,Mercedes-Benz,E 550 4MATIC,388.2388888888889,MBX,Car,W212E46DETC-Z4015-2
1070,Mercedes-Benz,E 63 AMG,440.01962962962966,MBX,Car,W212E55DETC-Z2023-1
1071,Mercedes-Benz,E 63 AMG (Station Wagon),445.50200000000007,MBX,Car,S212E55DETC-Z2023-2
1072,Mercedes-Benz,E 63 AMG 4MATIC,358.85999999999996,MBX,Car,W212E55DETC-Z2023-4
1073,Mercedes-Benz,E 63 AMG S 4MATIC,376.98499999999996,MBX,Car,W212E55DETC-Z2023-6
1074,Mercedes-Benz,E 63 AMG S 4MATIC (station wagon),378.74,MBX,Car,S212E55DETC-Z2023-5
1076,Mercedes-Benz,G 55 AMG,605.534,MBX,Truck,G463E55SC-Z5006-1
1077,Mercedes-Benz,G 550,533.0604,MBX,Truck,G463E40DETC-Z6016
1078,Mercedes-Benz,GL 350 BLUETEC,401.825,MBX,Truck,X164DE30TC-Z9000
1079,Mercedes-Benz,GL 350 BLUETEC 4MATIC,388.8192857142857,MBX,Truck,X166DE30TC-Z3029-1
1080,Mercedes-Benz,GL 450 4MATIC,470.3475,MBX,Truck,X166E30DETC-Z5018-1
1081,Mercedes-Benz,GL 550 4MATIC,521.03,MBX,Truck,X166E46DETC-Z3030-1
1082,Mercedes-Benz,GL 63 AMG,588.044,MBX,Truck,G463E55DETC-Z3023
1083,Mercedes-Benz,GLA 250,225.29,MBX,Both,X156E20DETC-Z5021-2
1084,Mercedes-Benz,GLA 250 4MATIC,240.9925,MBX,Both,X156E20DETC-Z5021
1085,Mercedes-Benz,GLA 45 AMG 4MATIC,263.6825,MBX,Car,X156E20DETC-Z4023-1
1086,Mercedes-Benz,GLC 300,269.285,MBX,Both,X253E20DETC-Z6015
1087,Mercedes-Benz,GLC 300 4MATIC,277.38,MBX,Both,X253E20DETC-Z6015-1
1088,Mercedes-Benz,GLE 300 d 4MATIC,375.24,MBX,Truck,W166DE22TC-Z6028
1089,Mercedes-Benz,GLE 350 D 4MATIC,294.5,MBX,Truck,C292DE30TC-Z6019-1
1090,Mercedes-Benz,GLE 450 AMG (coupe),341.98,MBX,Truck,C292E30DETC-Z6011
1091,Mercedes-Benz,GLE 550 e 4MATIC,388.052,MBX,Truck,W166E30DETC-Z6017
1092,Mercedes-Benz,GLK 250 BLUETEC 4MATIC,271.12,MBX,Truck,X204DE22TC-Z3016
1093,Mercedes-Benz,GLK 350,378.8511111111111,MBX,Both,X204E35DEH-Z3013-1
1094,Mercedes-Benz,GLK 350 4MATIC,353.190554708,MBX,Both,X204E35DEH-Z3013
1095,Mercedes-Benz,ML 250 BlueTEC 4MATIC,376.594,MBX,Truck,W166DE22TC-Z4011
1096,Mercedes-Benz,ML 350,351.934375,MBX,Both,W166E35DEH-Z2036-2
1097,Mercedes-Benz,ML 350 4MATIC,340.56608700416666,MBX,Both,W166E35DEH-Z2036
1098,Mercedes-Benz,ML 350 BLUETEC,392.96666666666664,MBX,Truck,V251DE30TC-Z9016-1
1099,Mercedes-Benz,ML 350 BLUETEC 4MATIC,334.695,MBX,Truck,W166DE30TC-Z2012-1
1100,Mercedes-Benz,ML 400 4MATIC,342.72,MBX,Truck,W166E30DETC-Z5018
1101,Mercedes-Benz,ML 550 4MATIC,466.714,MBX,Truck,W166E46DETC-Z2014
1102,Mercedes-Benz,ML 63 AMG,583.4653125,MBX,Truck,W166E55DETC-Z2015
1103,Mercedes-Benz,ML450 HYBRID 4MATIC,354.66375,MBX,Truck,W164E45-Z0030
1104,Mercedes-Benz,Maybach 57 Zeppelin,554.645,MBX,Car,W240E60TC-Z0040
1105,Mercedes-Benz,Maybach 57S,567.5649999999999,MBX,Car,W240E60TC-Z6040
1106,Mercedes-Benz,Maybach 62,568.075,MBX,Car,V240E55TC-Z7015
1107,Mercedes-Benz,Maybach S 600,438.57500000000005,MBX,Both,X222E60TC-Z5014-1
1108,Mercedes-Benz,Metris (Cargo Van),310.15034036000003,MBX,Truck,L447E20DETC-Z6027-1
1109,Mercedes-Benz,Metris (Passenger Van),340.66,MBX,Truck,L447E20DETC-Z6027
1110,Mercedes-Benz,R 350 4MATIC,393.695,MBX,Truck,V251E35DEH-Z2016
1111,Mercedes-Benz,R 350 BLUETEC,379.065,MBX,Truck,W164DE30TC-Z9018
1112,Mercedes-Benz,R 350 BLUETEC 4MATIC,409.9776717,MBX,Truck,V251DE30TC-Z9016
1113,Mercedes-Benz,S 350 BLUETEC 4MATIC,307.135,MBX,Car,V221DE30TC-Z3856
1114,Mercedes-Benz,S 400 HYBRID,310.28486350000003,MBX,Car,V221E35-Z0025
1115,Mercedes-Benz,S 550,415.7271875,MBX,Car,V222E46DETC-Z4016
1116,Mercedes-Benz,S 550 4MATIC,441.20862068965516,MBX,Car,V222E46DETC-Z4016-1
1117,Mercedes-Benz,S 550 4MATIC (coupe),350.69,MBX,Car,C217E46DETC-Z4016-3
1118,Mercedes-Benz,S 550 e,252.655,MBX,Car,V222E30DETC-Z5026
1119,Mercedes-Benz,S 600,464.8827830166667,MBX,Both,V222E60TC-Z5014
1120,Mercedes-Benz,S 63 AMG,459.9157142857143,MBX,Car,V221E55DETC-Z2029-1
1121,Mercedes-Benz,S 63 AMG 4MATIC,465.942,MBX,Car,V222E55DETC-Z4017
1122,Mercedes-Benz,S 63 AMG 4MATIC (coupe),370.145,MBX,Car,C217E55DETC-Z4017-1
1123,Mercedes-Benz,S 65 AMG,467.7283333333333,MBX,Car,V222E60TC AMG-Z5013
1124,Mercedes-Benz,S 65 AMG (coupe),445.84166325,MBX,Car,C217E60TC-Z5013-1
1125,Mercedes-Benz,SL 400,293.015,MBX,Car,R231E30DETC-Z5029
1126,Mercedes-Benz,SL 550,395.66238095238094,MBX,Car,R231E46DETC-Z3018
1127,Mercedes-Benz,SL 63 AMG,442.63875,MBX,Car,R231E55DETC-Z3019
1128,Mercedes-Benz,SL 65 AMG,424.535,MBX,Car,R231E60TC-Z3020
1129,Mercedes-Benz,SLK 250,252.6275,MBX,Car,R172E18DETC-Z2033
1130,Mercedes-Benz,SLK 300,335.1753846153846,MBX,Car,R172E20DETC-Z6014
1131,Mercedes-Benz,SLK 350,296.9384079263158,MBX,Car,R172E35DEH-Z3027
1132,Mercedes-Benz,SLK 55 AMG,369.6333333333333,MBX,Car,R172E55DE-Z2011
1133,Mercedes-Benz,SLS AMG,486.99375,MBX,Car,R197E63-Z1023-1
1134,Mercedes-Benz,SLS AMG Black Series Coupe,478.96999999999997,MBX,Car,C197E63-Z4030
1135,Mercedes-Benz,Smart Fortwo (Coupe),198.69383333333334,MBX,Car,C453E09TC-Z6024
1136,Mercedes-Benz,smart ForTwo (convertible),177.725,MBX,Car,A451E10-Z8010
1137,Mercedes-Benz,smart ForTwo (coupe),177.725,MBX,Car,A451E10-Z8010-1
1138,Mercedes-Benz,smart fortwo (Coupe),218.506639825,MBX,Car,C451E10-Z2027
1141,Mini,John Cooper Works,243.93260998181816,BMX,Car,T379400
1142,Mini,John Cooper Works All4 Countryman,262.6746267375,BMX,Car,WL99204
1143,Mini,John Cooper Works Clubman,235.925,BMX,Car,T384700
1144,Mini,John Cooper Works Convertible,240.375,BMX,Car,T384700
1145,Mini,MINI COOPER HARDTOP 2 DOOR,206.085,BMX,Car,T739201
1146,Mini,MINI COOPER HARDTOP 4 DOOR,207.42166666666665,BMX,Car,T739201
1147,Mini,MINI John Cooper Works Hardtop,237.88232824285714,BMX,Car,T996307
1148,Mini,Mini Clubman,210.07999999999998,BMX,Car,TX95505
1149,Mini,Mini Cooper,215.54591251944444,BMX,Car,TX95505
1150,Mini,Mini Cooper (3-doors),204.83261976923075,BMX,Car,3A04503
1151,Mini,Mini Cooper (5-doors),204.6105064333333,BMX,Car,T826907
1152,Mini,Mini Cooper Clubman,214.22533333333334,BMX,Car,2B27706
1153,Mini,Mini Cooper Convertible,220.4001940677966,BMX,Car,3A81005
1154,Mini,Mini Cooper Countryman,234.80249999999998,BMX,Car,WH94501
1155,Mini,Mini Cooper JCW,233.86,BMX,Car,TF96000
1156,Mini,Mini Cooper JCW Clubman,236.905,BMX,Car,TF96000
1157,Mini,Mini Cooper S,227.55605263157892,BMX,Car,TY10009
1158,Mini,Mini Cooper S (3-doors),229.6885199888889,BMX,Car,T740204
1159,Mini,Mini Cooper S (5-doors),236.52765706666665,BMX,Car,T891600
1160,Mini,Mini Cooper S Clubman,224.7821052631579,BMX,Car,2B30701
1161,Mini,Mini Cooper S Convertible,230.91880180625,BMX,Car,3A91004
1162,Mini,Mini Cooper S Countryman,231.52291666666667,BMX,Car,WH97510
1163,Mini,Mini Cooper S Countryman All4,244.295157025,BMX,Car,WH97510
1164,Mini,Mini John Cooper Works Convertible,233.295,BMX,Car,TF96000
1167,NISSAN,ARMADA SE 5.6L 4X4,478.93333333333334,NSX,Truck,SKB385
1168,NISSAN,ARMADA SE 5.6L 4x4,506.3333333333333,NSX,Truck,SKB308
1169,NISSAN,FRONTIER KING CAB XE,338.75,NSX,Truck,SRB071
1170,NISSAN,FRONTIER KING CAB XE 4X2,322.3,NSX,Truck,SRB071
1171,NISSAN,FRONTIER KING PRO4X4,422.63157894736844,NSX,Truck,SRE301
1172,NISSAN,INFINITI QX56 4x4,480.8333333333333,NSX,Truck,SKB387
1173,NISSAN,NISSAN 370Z ROADSTER Touring,321.9019607843137,NSX,Car,FHB033
1174,NISSAN,NISSAN 370Z Touring,324.01785714285717,NSX,Car,FGE357
1175,NISSAN,NISSAN ALTIMA 2.5 S,245.4,NSX,Both,FKB337
1176,NISSAN,NISSAN ALTIMA 2.5S,250.0,NSX,Both,FKB337
1177,NISSAN,NISSAN ALTIMA 2.5SL,207.64289387083332,NSX,Car,FPB063
1178,NISSAN,NISSAN ALTIMA 3.5 SR,299.1506849315069,NSX,Car,FKB339
1179,NISSAN,NISSAN ALTIMA 3.5SL,260.3333333333333,NSX,Car,FPB064
1180,NISSAN,NISSAN ALTIMA 3.5SV,260.3333333333333,NSX,Car,FPE260
1181,NISSAN,NISSAN ALTIMA COUPE 2.5 S,254.5,NSX,Both,FMB137
1182,NISSAN,NISSAN ALTIMA HYBRID,249.0,NSX,Car,FLE206
1183,NISSAN,NISSAN ALTIMA HYBRID 4-DOOR SEDAN,208.0,NSX,Car,FLB106
1184,NISSAN,NISSAN ALTIMA SL,252.0,NSX,Car,FPE493
1185,NISSAN,NISSAN ALTIMA SR 2.5,220.12682858333335,NSX,Car,FPE638
1186,NISSAN,NISSAN CUBE 1.8 S,236.37039206153847,NSX,Car,PPE437
1187,NISSAN,NISSAN CUBE 1.8 SL,228.1655954181818,NSX,Car,PPE435
1188,NISSAN,NISSAN FRONTIER 2WD K/C SV,362.7142857142857,NSX,Truck,SRE557
1189,NISSAN,NISSAN FRONTIER 2WD S 4-Cyl 5AT,352.5,NSX,Truck,SRE418
1190,NISSAN,NISSAN FRONTIER 2WD S 4-Cyl 5MT,322.5,NSX,Truck,SRE416
1191,NISSAN,NISSAN FRONTIER 2WD SV 4-Cyl 5AT,343.5,NSX,Truck,SRE419
1192,NISSAN,NISSAN FRONTIER 2WD SV 4-Cyl 5MT,310.0,NSX,Truck,SRE417
1193,NISSAN,NISSAN FRONTIER 2WD XE,359.0,NSX,Truck,SRC362
1194,NISSAN,NISSAN FRONTIER 4WD C/C PRO-4X,404.0769230769231,NSX,Truck,SRE410
1195,NISSAN,NISSAN FRONTIER 4WD K/C PRO-4X,392.2857142857143,NSX,Truck,SRE560
1196,NISSAN,NISSAN FRONTIER 4WD K/C SV,375.6855665076923,NSX,Truck,SRE558
1198,NISSAN,NISSAN FRONTIER KING CAB PRO-4X 4X4,401.2,NSX,Truck,SRE339
1199,NISSAN,NISSAN FRONTIER KING CAB SE,386.625,NSX,Truck,SRE298
1200,NISSAN,NISSAN FRONTIER KING CAB SE 4X2,392.96875,NSX,Truck,SRE296
1201,NISSAN,NISSAN FRONTIER KING CAB SE 4X4,400.97520661157023,NSX,Truck,SRE298
1202,NISSAN,NISSAN GT-R,385.6741573033708,NSX,Car,MNE291
1203,NISSAN,NISSAN JUKE AWD SL,230.5,NSX,Car,KHEH11
1204,NISSAN,NISSAN JUKE NISMO RS,230.5,NSX,Car,KHC863
1205,NISSAN,NISSAN JUKE SL,220.066632625,NSX,Car,KHEH10
1206,NISSAN,NISSAN JUKE SV,232.15217391304347,NSX,Car,KHE480
1211,NISSAN,NISSAN MAXIMA 3.5SV,313.25,NSX,Both,CLE199
1212,NISSAN,NISSAN MAXIMA 4-DOOR SEDAN 3.5S,305.525,NSX,Car,CLB064
1213,NISSAN,NISSAN MAXIMA SR,264.4343783,NSX,Car,CNB067
1214,NISSAN,NISSAN MAXIMA SV,309.5,NSX,Car,CLE230
1215,NISSAN,NISSAN MURANO AWD  SL,274.1666666666667,NSX,Car,JJB066
1216,NISSAN,NISSAN MURANO AWD Hybrid SL,232.96719083333335,NSX,Car,JLB049
1217,NISSAN,NISSAN MURANO AWD LE,330.58166724081633,NSX,Truck,SEE454
1218,NISSAN,NISSAN MURANO AWD SL,303.06995745,NSX,Car,JJB066
1219,NISSAN,NISSAN MURANO CrossCabriolet BASE,344.0,NSX,Truck,SEE591
1220,NISSAN,NISSAN MURANO CrossCabriolet Base,357.5,NSX,Truck,SGB052
1221,NISSAN,NISSAN MURANO FWD SL,338.75,NSX,Truck,SEB094
1222,NISSAN,NISSAN NV200 Cargo Van S,291.3333333333333,NSX,Truck,KEB611
1223,NISSAN,NISSAN NV200 NYC Taxi STD,323.8,NSX,Car,KEC659
1224,NISSAN,NISSAN PATHFINDER 2WD Platinum,302.5,NSX,Truck,GKB043
1225,NISSAN,NISSAN PATHFINDER 4WD LE,423.9166666666667,NSX,Truck,STE374
1226,NISSAN,NISSAN PATHFINDER 4WD Platinum,308.3063453222222,NSX,Truck,GKB042
1227,NISSAN,NISSAN PATHFINDER 4WD S,292.2142857142857,NSX,Truck,GKE242
1228,NISSAN,NISSAN PATHFINDER Hybrid 2WD Platinum,241.3781717,NSX,Truck,GMB013
1229,NISSAN,NISSAN PATHFINDER Hybrid 4WD Platinum,247.0,NSX,Truck,GMB013
1230,NISSAN,NISSAN PATHFINDER LE 4X4,423.5,NSX,Truck,STE343
1231,NISSAN,NISSAN PATHFINDER SE 4X2,410.63157894736844,NSX,Truck,STE248
1232,NISSAN,NISSAN PATHFINDER SE 4X4,407.6875,NSX,Truck,STE249
1233,NISSAN,NISSAN QUEST LE,313.49689328750003,NSX,Truck,WXE168
1234,NISSAN,NISSAN ROGUE AWD,233.7,NSX,Truck,BTE698
1235,NISSAN,NISSAN ROGUE AWD S,281.0,NSX,Both,BRE217
1236,NISSAN,NISSAN ROGUE AWD SL,236.2,NSX,Truck,BTB096
1237,NISSAN,NISSAN ROGUE AWD SV,277.6333333333333,NSX,Truck,BRE218
1238,NISSAN,NISSAN ROGUE FWD S,268.5,NSX,Both,BRE217
1239,NISSAN,NISSAN ROGUE FWD SV,283.65065426666666,NSX,Both,BRE217
1240,NISSAN,NISSAN SENTRA 2.0,241.71428571428572,NSX,Car,AWE502
1241,NISSAN,NISSAN SENTRA 2.0S,230.0,NSX,Car,AWB105
1242,NISSAN,NISSAN SENTRA 2.0SL,225.41666666666666,NSX,Car,AWE503
1243,NISSAN,NISSAN SENTRA 2.0SR,220.5,NSX,Car,AWE504
1244,NISSAN,NISSAN SENTRA FE+SV,190.460998425,NSX,Car,KPB086
1245,NISSAN,NISSAN SENTRA S,215.25,NSX,Car,KPB089
1246,NISSAN,NISSAN SENTRA SE-R,237.33333333333334,NSX,Car,AWE318
1247,NISSAN,NISSAN SENTRA SL,194.89688405,NSX,Car,KPB087
1248,NISSAN,NISSAN SENTRA SR,196.25,NSX,Car,KPE537
1249,NISSAN,NISSAN SENTRA SV,190.75,NSX,Car,KPB087
1250,NISSAN,NISSAN TITAN 4WD Crew Cab XE LWB,494.6666666666667,NSX,Truck,SJE287
1251,NISSAN,NISSAN VERSA 1.6 4AT,231.0047372,NSX,Car,KJEG37
1252,NISSAN,NISSAN VERSA 1.6 Sedan,229.0,NSX,Car,KJEB92
1253,NISSAN,NISSAN VERSA 1.8S,241.30769230769232,NSX,Car,KJB441
1254,NISSAN,NISSAN VERSA 1.8SL,211.33333333333334,NSX,Car,KJEG38
1255,NISSAN,NISSAN VERSA NOTE S,209.0,NSX,Car,HJE319
1256,NISSAN,NISSAN VERSA NOTE SV,186.3,NSX,Car,HJE320
1257,NISSAN,NISSAN VERSA S,207.125,NSX,Car,HKE589
1258,NISSAN,NISSAN VERSA SL,194.0,NSX,Car,HKB165
1259,NISSAN,NISSAN VERSA SV,178.6875,NSX,Car,HKE623
1260,NISSAN,NISSAN XTERRA 2WD S,369.0,NSX,Truck,NET1817
1261,NISSAN,Nissan Armada SE 5.6l 4x4,470.72093023255815,NSX,Truck,SKB308
1262,NISSAN,PATHFINDER SE 4X2,377.25,NSX,Truck,STE248
1263,NISSAN,PATHFINDER SE 4X4,469.25,NSX,Truck,STB321
1264,NISSAN,ROGUE AWD SL,279.1111111111111,NSX,Both,BRE192
1265,NISSAN,SENTRA SE-R  Spec V,279.0,NSX,Car,AWE319
1266,NISSAN,SUZUKI EQUATOR 2WD,357.5,NSX,Truck,SRB077
1267,NISSAN,TITAN 4WD Crew Cab LE SWB,506.1818181818182,NSX,Truck,SJE287
1268,NISSAN,TITAN KING-5.6LE LWB,466.475,NSX,Truck,SHB033
1269,NISSAN,TITAN KING-5.6LE SWB,473.0886075949367,NSX,Truck,SJB272
1270,NISSAN,TITAN KING-5.6LE-SWB,457.5,NSX,Truck,SJE208
1271,PONTIAC,2MB67,314.476,GMX,Car,2087MN1024
1272,PONTIAC,2MG69,296.0525,GMX,Car,2026M17534
1273,PONTIAC,2ZM69,351.5615,GMX,Both,3926Z12905
1274,PONTIAC,VIBE,271.149063025,NTX,Car,N09-AE1A
1275,Pagani Automobili,PT4,563.2,PGN,Car,EDV14PAG01
1276,Porsche,911 Carrera,294.91703091666665,PRX,Car,FE991-MT-12
1277,Porsche,911 Carrera 3.6L,314.58399437500003,PRX,Car,ECFE97A-9
1278,Porsche,911 Carrera 4,296.065,PRX,Car,FE991-MT-12
1279,Porsche,911 Carrera 4 Cabriolet,303.3958333333333,PRX,Car,FE991-MT-12
1280,Porsche,911 Carrera 4S,307.713,PRX,Car,FE991S-MT-12
1281,Porsche,911 Carrera 4S Cabriolet,314.60106758,PRX,Car,FE991S-MT-12
1282,Porsche,911 Carrera 4S Kit,317.51125,PRX,Car,ECFE-991SKit-PDK-13
1283,Porsche,911 Carrera 4S Kit Cabriolet,326.355,PRX,Car,ECFE-991SKit-PDK-13
1284,Porsche,911 Carrera Cabriolet,293.6328571428571,PRX,Car,FE991-MT-12
1285,Porsche,911 Carrera S,301.08230769230767,PRX,Car,FE991S-MT-12
1286,Porsche,911 Carrera S 3.8L,317.30197125,PRX,Car,ECFE97SA-9
1287,Porsche,911 Carrera S Cabriolet,305.55423076923074,PRX,Car,FE991S-MT-12
1288,Porsche,911 Carrera S Kit,312.815,PRX,Car,ECFE-991SKit-PDK-13
1289,Porsche,911 Carrera S Kit Cabriolet,316.62,PRX,Car,FE-991SKit-MT-13
1290,Porsche,911 GT2RS,358.66448,PRX,Car,ECFEGT2-8
1291,Porsche,911 GT3,407.9868852,PRX,Car,ECFE-991GT3-14
1292,Porsche,911 GT3 RS,426.06065,PRX,Car,ECFEGT3RS-10
1293,Porsche,911 GT3RS,407.555,PRX,Car,ECFE-991GT3RS-16
1294,Porsche,911 GT3RS 4.0,438.72999999999996,PRX,Car,ECFEGT3RS4.0-10
1295,Porsche,911 R,413.41999999999996,PRX,Car,FE-991R-16
1296,Porsche,911 Targa 4,309.9875,PRX,Car,FE-991-MT-12
1297,Porsche,911 Targa 4S,318.4475,PRX,Car,FE-991S-MT-12
1298,Porsche,911 Turbo,352.440825,PRX,Car,FE97T-A1
1299,Porsche,911 Turbo S,351.83987831666667,PRX,Car,ECFE97T-A
1300,Porsche,911 Turbo S Cabriolet,339.08000000000004,PRX,Car,FE-991TOPS-14
1301,Porsche,918 Spyder,283.464,PRX,Car,ECFE-918-15
1302,Porsche,Boxster,268.6725,PRX,Car,ECFE-981-PDK-13
1303,Porsche,Boxster S,285.21500000000003,PRX,Car,FE-981S-M6-13
1304,Porsche,Boxster Spyder,298.3383333333333,PRX,Car,ECFE-981GT4-16
1305,Porsche,Cayenne,383.4937675368421,PRX,Both,FE-92AII-16
1306,Porsche,Cayenne GTS,432.6369975,PRX,Truck,FE-92AIIGTS-16
1307,Porsche,Cayenne S,387.96560111111114,PRX,Truck,FE-92AIIS-15
1308,Porsche,Cayenne S e-Hybrid,299.53999999999996,PRX,Both,ECFE-92AIIH-15
1309,Porsche,Cayenne Turbo,408.33313211428566,PRX,Truck,FE-92AIIT-15
1310,Porsche,Cayenne Turbo S,425.865,PRX,Truck,ECFE-E2TS-14
1311,Porsche,Cayman,294.0086225,PRX,Car,ECFE87A-9
1312,Porsche,Cayman GT4,335.65,PRX,Car,ECFE-981GT4-16
1313,Porsche,Cayman GTS,283.11375,PRX,Car,ECFE-981GTS-MT-15
1314,Porsche,Cayman S,298.372968,PRX,Car,FE-Spyder-M6
1315,Porsche,Macan S,344.9683333333333,PRX,Truck,FE-95BS-15
1316,Porsche,Macan Turbo,351.0431656,PRX,Truck,FE-95BT-15
1317,Porsche,Panamera,313.0693425,PRX,Car,FE-970II-14
1318,Porsche,Panamera 4,315.26,PRX,Car,ECFE-970II-14
1319,Porsche,Panamera 4S,334.24104,PRX,Car,FE-970IIS-14
1320,Porsche,Panamera 4S Executive,327.0675,PRX,Car,FE-970IIS-14
1321,Porsche,Panamera GTS,362.0135714285715,PRX,Car,ECFE-970IIGTS-14
1322,Porsche,Panamera S E-Hybrid,261.8393606,PRX,Car,FE-970H-14
1323,Porsche,Panamera S Hybrid,254.49499999999998,PRX,Car,FE-970H-12
1324,Porsche,Panamera Turbo,369.39544,PRX,Car,FE-970IIT-14
1325,Porsche,Panamera Turbo Executive,368.25499999999994,PRX,Car,FE-970IIT-14
1326,Quantum Impala,Impala dual fuel,354.40262132857146,QTM,Car,DFIMP15
1327,RAM,1500 2WD,365.6594335802469,CRX,Truck,K3DS10300
1328,RAM,1500 4X4,343.57500000000005,CRX,Truck,L4DS13056
1329,RAM,1500 EcoDiesel29 4x2,316.54939055,CRX,Truck,L5DS10650
1330,RAM,5500 4X2,323.875,CRX,Truck,L4DS13055
1331,RAM,6000#  4X2,329.61538935000004,CRX,Truck,L4DS13055
1332,RAM,Promaster City,277.37766095,CRX,Both,L5VMD2500
1333,RUF,TURBO 12/CTR 3,383.9475,RAX,Car,TURBO 12/CTR 3
1334,Ram,Ram,350.3145232,CRX,Truck,R4DS68933
1335,Rolls Royce,Dawn,466.49,RRG,Car,U102005
1336,Rolls Royce,Ghost,440.6383333333333,RRG,Car,UX33509
1337,Rolls Royce,Ghost EWB,536.868,RRG,Car,UX33509
1338,Rolls Royce,Phantom,542.555,RRG,Car,UX72901
1339,Rolls Royce,Phantom EWB,576.696,RRG,Car,UX72901
1340,Rolls Royce,Wraith,449.49499999999995,RRG,Car,UX84200
1341,Roush,E350 Cutaway,665.945415,RII,Truck,PE351
1342,Roush,F150,598.4712499999999,RII,Truck,T152
1343,Roush,Stage 3 Mustang,442.5876235555556,RII,Car,256W3303
1344,SAAB,7SF69,315.5895,GMX,Car,20X779020
1345,SAAB,9-3 CONVERTIBLE,277.73580000000004,SAX,Car,20P5094
1346,SAAB,9-3 SEDAN AWD,303.04519999999997,SAX,Car,204CGN4304
1347,SAAB,9-3 SPORT SEDAN,287.07225,SAX,Car,20XP6046
1348,SAAB,9-3 SPORTCOMBI,301.86242857142855,SAX,Car,20P5094
1349,SAAB,9-4X FWD,324.9325,GMX,Truck,306ANP5010
1350,SAAB,9-5 SEDAN,288.3257857142857,SAX,Car,204CGN4304
1351,SAAB,9-5 SEDAN AWD,329.31875,SAX,Car,28P6011
1352,SAAB,FCB69,306.453,GMX,Car,20P5094
1353,SAAB,FCH69+F46,332.03566666666666,GMX,Car,20XP5309
1354,SAAB,FCJ69,269.0,GMX,Car,P5353
1355,SATURN,1LQ26,347.8535,GMX,Both,3618L56425
1356,SATURN,ZLF26,305.995,GMX,Truck,2488LP8032
1357,SATURN,ZLG26,366.793,GMX,Both,3588LP8047
1358,SATURN,ZLR26,366.692,GMX,Both,3688LP8036
1359,SATURN,ZLT26,238.5865,GMX,Truck,2488LN8043
1360,SATURN,ZLU26,235.4129189,GMX,Truck,36Z9L19796
1361,SCION,iM,207.615710125,TYX,Car,16-ZE1M
1362,SCION,iQ,210.28055254814814,TYX,Car,11-NJ1C
1364,SCION,tC,254.56394526393444,TYX,Car,11-AT1A
1365,SRT,Viper,521.0008266666667,CRX,Car,L3ZDD9419
1366,SUBARU,BRZ,250.107327925,FJX,Car,DBE-MP42
1367,SUBARU,FORESTER,259.72335780000003,FJX,Both,EBE-TF15
1368,SUBARU,FORESTER AWD,297.90051750000003,FJX,Both,JBF-HS89
1369,SUBARU,IMPREZA,221.79118416666665,FJX,Both,FBF-RH14
1370,SUBARU,IMPREZA AWD,243.03768082717394,FJX,Both,CBE-DK14
1371,SUBARU,IMPREZA SPORT,225.64221707500002,FJX,Both,FBF-RH15
1372,SUBARU,IMPREZA WAGON,218.5610685,FJX,Both,FBF-RH15
1373,SUBARU,IMPREZA WAGON AWD,319.0,FJX,Both,LBF-LW65
1374,SUBARU,IMPREZA WAGON/OUTBACK SPORT AWD,227.1578947368421,FJX,Both,CBF-GJ15
1375,SUBARU,IMPREZA WGN/OUTBACK SPT AWD,312.68408250000005,FJX,Both,HBF-HN75
1376,SUBARU,LEGACY,232.61521862,FJX,Both,FBF-VC14
1377,SUBARU,LEGACY AWD,246.27808869,FJX,Both,DBF-DL14
1378,SUBARU,LEGACY SDN 4WD,329.0,FJX,Both,KBF-JA94
1379,SUBARU,LEGACY SDN AWD,271.79336393125,FJX,Both,KBE-LV74
1380,SUBARU,OUTBACK,249.81690281818183,FJX,Both,FBE-VC16
1381,SUBARU,OUTBACK AWD,307.70454545454544,FJX,Both,KBE-JA96
1382,SUBARU,OUTBACK WAGON AWD,264.736844725,FJX,Both,DBE-DL16
1383,SUBARU,TRIBECA AWD,371.5,FJX,Both,KBE-KD99
1384,SUBARU,WRX,305.24268057222224,FJX,Both,FBF-TF14
1385,SUBARU,WRX STI,345.4675465,FJX,Both,FBE-UG74
1386,SUBARU,XV CROSSTREK AWD,246.1521250625,FJX,Both,DBF-DH39
1387,SUBARU,XV Crosstrek,226.9019937857143,FJX,Both,FBF-RH19
1388,SUZUKI,GRAND VITARA,311.08216111111113,SKX,Truck,09EDV-2
1389,SUZUKI,GRAND VITARA 4WD,383.7095111111111,SKX,Truck,09EDV-2
1390,SUZUKI,KIZASHI AWD,263.068575,SKX,Car,10EDV-3
1391,SUZUKI,KIZASHI FWD,263.55887,SKX,Car,10EDV-3
1392,SUZUKI,SX4 2WD,250.30465264166665,SKX,Car,10EDV-1
1393,SUZUKI,SX4 4WD,261.13845526875,SKX,Car,10FEDV-2
1394,Spyker,C8,474.3032,SKR,Car,EDV-10-SP01
1395,TOYOTA,4RUNNER 2WD,357.1789269172413,TYX,Truck,13-GN5A
1396,TOYOTA,4RUNNER 4WD,351.4109808346154,TYX,Truck,13-GN3A
1397,TOYOTA,Avalon,293.5186671,TYX,Car,12-GV3A
1398,TOYOTA,CAMRY,247.5827437375,TYX,Car,12-AV1A
1399,TOYOTA,CAMRY HYBRID,222.28758992222222,TYX,Car,07-AV4H
1400,TOYOTA,COROLLA,214.55562452580645,TYX,Car,14-ZE1A
1401,TOYOTA,COROLLA LE ECO,184.76375742222223,TYX,Car,14-ZE1C
1402,TOYOTA,COROLLA MATRIX,265.2924364883721,TYX,Car,09-AE1A
1403,TOYOTA,Camry Hybrid LE,154.1775575,TYX,Car,12-AV1H
1404,TOYOTA,Camry Hybrid XLE,159.749781925,TYX,Car,12-AV1H
1405,TOYOTA,FJ CRUISER 2WD,389.62809734,TYX,Truck,13-GJ2A
1406,TOYOTA,FJ CRUISER 4WD,408.2571723382353,TYX,Truck,13-GJ1A
1407,TOYOTA,HIGHLANDER,318.7388811105263,TYX,Truck,14-AU1A
1408,TOYOTA,HIGHLANDER 2WD,332.9761065083333,TYX,Truck,09-AU2A
1409,TOYOTA,HIGHLANDER 4WD,349.309701325,TYX,Truck,11-GU1A
1410,TOYOTA,HIGHLANDER AWD,328.5248765,TYX,Truck,14-GU1A
1411,TOYOTA,HIGHLANDER HYBRID 4WD,291.37500268857144,TYX,Truck,11-GU1H
1412,TOYOTA,HIGHLANDER HYBRID AWD,287.0670786604651,TYX,Truck,14-GU1H
1413,TOYOTA,HIGHLANDER HYBRID AWD LE Plus,282.02899223,TYX,Truck,14-GU2H
1414,TOYOTA,Highlander 2WD,380.06142,TYX,Truck,09-AU2A
1415,TOYOTA,LAND CRUISER WAGON 4WD,452.66746957777775,TYX,Truck,16-UJ1A
1417,TOYOTA,PRIUS,134.91193983368422,TYX,Car,16-ZV1H
1418,TOYOTA,PRIUS Eco,144.12954937368423,TYX,Car,16-ZV2H
1419,TOYOTA,PRIUS Plug-in Hybrid,158.16545382666666,TYX,Car,12-ZW3H
1420,TOYOTA,PRIUS c,158.957579915,TYX,Car,12-NP1H
1421,TOYOTA,PRIUS v,151.56278941538463,TYX,Car,12-ZW2H
1422,TOYOTA,RAV4,251.05568089999997,TYX,Truck,13-AA3A
1423,TOYOTA,RAV4 2WD,290.94449833333334,TYX,Truck,06-GA2A
1424,TOYOTA,RAV4 4WD,293.7564927458333,TYX,Truck,06-GA2A
1425,TOYOTA,RAV4 AWD,263.60350315,TYX,Truck,13-AA1A
1426,TOYOTA,RAV4 HYBRID AWD,197.62318264615385,TYX,Truck,16-AA2H
1427,TOYOTA,RAV4 Limited AWD,264.976935125,TYX,Truck,13-AA1A
1428,TOYOTA,SCION tC,284.99977160000003,TYX,Car,07-AT1A
1429,TOYOTA,SCION xB,292.9703252714286,TYX,Car,08-AE1A
1430,TOYOTA,SCION xD,218.2406692,TYX,Car,08-ZP1M
1431,TOYOTA,SEQUOIA 2WD,443.89178925416667,TYX,Truck,12-SK3A
1432,TOYOTA,SEQUOIA 4WD,462.86540099074074,TYX,Truck,12-SK1A
1433,TOYOTA,SEQUOIA 4WD FFV,455.3991751055555,TYX,Truck,12-SK4A
1434,TOYOTA,SIENNA,329.5471230690476,TYX,Truck,11-GL3A
1435,TOYOTA,SIENNA 2WD,327.25148005,TYX,Truck,07-GL2A
1436,TOYOTA,SIENNA 4WD,371.13698925,TYX,Truck,07-GL1A
1437,TOYOTA,SIENNA AWD,353.76185012499997,TYX,Truck,11-GL1A
1438,TOYOTA,Scion xD,221.46672895,TYX,Car,10-ZP1A
1439,TOYOTA,TACOMA 2WD,334.0972884684211,TYX,Truck,16-GN3A
1440,TOYOTA,TACOMA 4WD,371.66519699642856,TYX,Truck,16-GN1A
1441,TOYOTA,TACOMA 4WD D-CAB V6 MT OFF-ROAD,365.952591775,TYX,Truck,16-GN1M
1444,TOYOTA,TOYOTA TUNDRA 2WD,421.5610823142857,TYX,Truck,10-UK3A
1445,TOYOTA,TOYOTA TUNDRA 4WD,441.03808611000005,TYX,Truck,07-SK1A
1446,TOYOTA,TUNDRA 2WD,411.125819725,TYX,Truck,12-SK3A
1447,TOYOTA,TUNDRA 2WD FFV,431.9107126125,TYX,Truck,16-SK1A
1448,TOYOTA,TUNDRA 4WD,457.9984050405797,TYX,Truck,12-SK2A
1449,TOYOTA,TUNDRA 4WD FFV,450.3446681040817,TYX,Truck,12-SK4A
1450,TOYOTA,VENZA,305.4615350258064,TYX,Truck,12-GV6A
1451,TOYOTA,VENZA AWD,311.29445724193545,TYX,Truck,12-GV5A
1452,TOYOTA,YARIS,197.99297503773585,TYX,Car,12-NP1A
1469,VOLKSWAGEN,Beetle,301.2661643839465,VWX,Car,VW324 30109
1470,VOLKSWAGEN,EOS,310.7142857142857,VWX,Car,VW465 00127
1471,VOLKSWAGEN,Eos,305.624017334375,ADX,Both,VW465 00007
1472,VOLKSWAGEN,GTI,286.9,VGA,Car,FAPA-GAF
1473,VOLKSWAGEN,Golf,212.390688153125,VGA,Car,FAPA-RAF
1474,VOLKSWAGEN,Golf R,355.14285714285717,VGA,Car,GAUA-GRM
1475,VOLKSWAGEN,JETTA,292.5833333333333,VWX,Car,351 750 100/05
1476,VOLKSWAGEN,JETTA SPORTWAGEN,243.99635188000002,VWX,Car,VW351 780169/09
1477,VOLKSWAGEN,Jetta,263.8887989684932,VWX,Car,VW361-3-0186
1478,VOLKSWAGEN,Jetta Hybrid,171.3281165142857,VWX,Car,361 730 136/13
1479,VOLKSWAGEN,NMS,313.6034482758621,VWX,Car,VW411 1 01 68 / 12
1480,VOLKSWAGEN,PASSAT CC 4MOTION,403.93333333333334,VWX,Car,VW461 90122/09
1481,VOLKSWAGEN,Passat,282.6828474897436,VWX,Car,411 10206 /12
1482,VOLKSWAGEN,Passat wagon,340.2,VWX,Both,VW462 8-0062/13
1483,VOLKSWAGEN,TIGUAN,377.19279316,ADX,Car,VW416 80218
1484,VOLKSWAGEN,Tiguan,293.65,VWX,Both,VW316 20145
1485,VOLKSWAGEN,Touareg,391.8181818181818,VWX,Truck,VW526 10366 /11
1487,VPG,MV-1,497.3331761904762,TVP,Truck,523MF1163BM000007
1488,VW,Golf,207.5,VGA,Car,VW370 50379 /15
1489,VW,Jetta,290.65122341897813,VWX,Car,VW36100218
1490,VW,Touareg,330.1067758846154,VWX,Truck,VW526710023
1491,Volkswagen,Beetle,296.1761316857143,VGA,Car,VW324-3-0050/16
1492,Volkswagen,CC,320.75,VWX,Car,469 00062/10
1493,Volkswagen,Eos,329.77777777777777,VWX,Car,465 00127/10
1494,Volkswagen,GTI,296.98,ADX,Car,83PA-AAF
1495,Volkswagen,Golf,217.62295081967213,VWX,Car,VW360 00190/10
1496,Volkswagen,Jetta,269.93023255813955,VWX,Car,351 00031/10
1497,Volkswagen,Jetta / Sportwagen,306.6666666666667,VWX,Car,VW35100056/10
1498,Volkswagen,Jettta,217.5,VWX,Car,351 00031/10
1499,Volkswagen,Passat,307.84970167391305,VWX,Car,461 90010/10
1500,Volkswagen,Touareg,446.6286963,VWX,Truck,756 0-0012/10
1501,Volvo,C30 T5 FWD,329.8,VVX,Car,201001
1502,Volvo,C70 T5 FWD,349.21655333703706,VVX,Car,201304
1503,Volvo,S40 2.4i  FWD,332.6,VVX,Car,201004
1504,Volvo,S40 2.4i FWD,337.41200000000003,VVX,Car,200806
1505,Volvo,S40 T5 AWD,355.4,VVX,Car,201003
1506,Volvo,S60 T5 AWD,327.42857142857144,VVX,Car,201306
1507,Volvo,S60 T5 FWD,304.3059202571429,VVX,Car,201502
1508,Volvo,S60 T6 AWD,370.375,VVX,Both,201416
1509,Volvo,S60 T6 FWD,243.5,VVX,Car,201608
1510,Volvo,S80 3.2 FWD,308.37657922,VVX,Both,201210
1511,Volvo,S80 3.2 FWD PZEV,296.75,VVX,Both,201213
1512,Volvo,S80 T6 AWD,429.6,VVX,Both,201006
1513,Volvo,S80 V8 AWD,377.0,VVX,Both,200717
1514,Volvo,V50 T5 AWD,359.6,VVX,Car,201003
1515,Volvo,V60 CC T5 AWD,349.2,VVX,Both,201515
1516,Volvo,V60 Polestar T6 AWD,374.0,VVX,Both,201513
1517,Volvo,V60 T6 AWD,268.0,VVX,Car,201620
1518,Volvo,XC60 3.2 AWD,410.03333333333336,VVX,Both,201413
1519,Volvo,XC60 3.2 AWD PZEV,372.35714285714283,VVX,Both,201411
1520,Volvo,XC60 3.2 FWD,311.4990868571429,VVX,Both,201412
1521,Volvo,XC60 3.2 FWD PZEV,320.0,VVX,Both,201113
1522,Volvo,XC60 AWD,416.09999999999997,VVX,Truck,200903
1523,Volvo,XC60 AWD 3.2,324.0,VVX,Both,201311
1524,Volvo,XC60 T5 AWD,359.69818274285717,VVX,Both,201614
1525,Volvo,XC60 T5 FWD,251.5101668,VVX,Car,201607
1526,Volvo,XC60 T6 AWD,387.30019498,VVX,Both,201409
1527,Volvo,XC60 T6 FWD,270.5,VVX,Car,201606
1528,Volvo,XC70 3.2 AWD,381.5625,VVX,Both,201408
1529,Volvo,XC70 3.2 AWD PZEV,373.10526315789474,VVX,Both,201406
1530,Volvo,XC70 3.2 FWD,314.0,VVX,Both,201111
1531,Volvo,XC70 3.2 FWD PZEV,326.0,VVX,Both,201116
1532,Volvo,XC70 AWD,440.34852,VVX,Both,201010
1533,Volvo,XC70 T5 AWD,298.0,VVX,Both,201603
1534,Volvo,XC70 T5 FWD,247.5,VVX,Car,201604
1535,Volvo,XC70 T6 AWD,378.5833333333333,VVX,Both,201404
1536,Volvo,XC90 3.2 AWD,361.9375,VVX,Both,201301
1537,Volvo,XC90 3.2 FWD,341.5,VVX,Both,201302
1538,Volvo,XC90 AWD,462.5,VVX,Both,200905
1539,Volvo,XC90 FWD,456.4,VVX,Both,200904
1540,Volvo,XC90 FWD 3.2,355.9,VVX,Both,201204
1541,Volvo,XC90 T5 AWD,314.0,VVX,Truck,201613
1542,Volvo,XC90 T5 FWD,302.6666666666667,VVX,Truck,201612
1543,Volvo,XC90 T6 AWD,323.75,VVX,Truck,201601
1544,Volvo,XC90 T8 AWD,297.78424953333337,VVX,Truck,201615
1545,Volvo,XC90 V8 AWD,483.57142857142856,VVX,Truck,201101
1546,W204E63-Z1011,C 63 AMG,439.75,MBX,Car,W204E63-Z1011
